
CommandNotFoundError: Your shell has not been properly configured to use 'conda activate'.
To initialize your shell, run

    $ conda init <SHELL_NAME>

Currently supported shells are:
  - bash
  - fish
  - tcsh
  - xonsh
  - zsh
  - powershell

See 'conda init --help' for more information and options.

IMPORTANT: You may need to close and restart your shell after running 'conda init'.


[Warning] The CPU supports AVX512F but the compiler does not.  Can you try another compiler?
/home/groups/tabel/mahlet/quaia-env/lib/python3.10/site-packages/Corrfunc/utils.py:918: UserWarning: One or more input array has non-native endianness!  A copy will be made with the correct endianness.
  warnings.warn("One or more input array has non-native endianness!  A copy will"\
/home/groups/tabel/mahlet/quaia-env/lib/python3.10/site-packages/Corrfunc/utils.py:918: UserWarning: One or more input array has non-native endianness!  A copy will be made with the correct endianness.
  warnings.warn("One or more input array has non-native endianness!  A copy will"\
/home/groups/tabel/mahlet/quaia-env/lib/python3.10/site-packages/Corrfunc/utils.py:918: UserWarning: One or more input array has non-native endianness!  A copy will be made with the correct endianness.
  warnings.warn("One or more input array has non-native endianness!  A copy will"\
/home/groups/tabel/mahlet/quaia-env/lib/python3.10/site-packages/Corrfunc/utils.py:918: UserWarning: One or more input array has non-native endianness!  A copy will be made with the correct endianness.
  warnings.warn("One or more input array has non-native endianness!  A copy will"\
/home/groups/tabel/mahlet/quaia-env/lib/python3.10/site-packages/Corrfunc/utils.py:918: UserWarning: One or more input array has non-native endianness!  A copy will be made with the correct endianness.
  warnings.warn("One or more input array has non-native endianness!  A copy will"\
/home/groups/tabel/mahlet/quaia-env/lib/python3.10/site-packages/Corrfunc/utils.py:918: UserWarning: One or more input array has non-native endianness!  A copy will be made with the correct endianness.
  warnings.warn("One or more input array has non-native endianness!  A copy will"\
/home/groups/tabel/mahlet/quaia-env/lib/python3.10/site-packages/Corrfunc/utils.py:918: UserWarning: One or more input array has non-native endianness!  A copy will be made with the correct endianness.
  warnings.warn("One or more input array has non-native endianness!  A copy will"\
/home/groups/tabel/mahlet/quaia-env/lib/python3.10/site-packages/Corrfunc/utils.py:918: UserWarning: One or more input array has non-native endianness!  A copy will be made with the correct endianness.
  warnings.warn("One or more input array has non-native endianness!  A copy will"\
/home/groups/tabel/mahlet/quaia-env/lib/python3.10/site-packages/Corrfunc/utils.py:918: UserWarning: One or more input array has non-native endianness!  A copy will be made with the correct endianness.
  warnings.warn("One or more input array has non-native endianness!  A copy will"\
/home/groups/tabel/mahlet/quaia-env/lib/python3.10/site-packages/Corrfunc/utils.py:918: UserWarning: One or more input array has non-native endianness!  A copy will be made with the correct endianness.
  warnings.warn("One or more input array has non-native endianness!  A copy will"\
/home/groups/tabel/mahlet/quaia-env/lib/python3.10/site-packages/Corrfunc/utils.py:918: UserWarning: One or more input array has non-native endianness!  A copy will be made with the correct endianness.
  warnings.warn("One or more input array has non-native endianness!  A copy will"\
/home/groups/tabel/mahlet/quaia-env/lib/python3.10/site-packages/Corrfunc/utils.py:918: UserWarning: One or more input array has non-native endianness!  A copy will be made with the correct endianness.
  warnings.warn("One or more input array has non-native endianness!  A copy will"\
/home/groups/tabel/mahlet/quaia-env/lib/python3.10/site-packages/Corrfunc/utils.py:918: UserWarning: One or more input array has non-native endianness!  A copy will be made with the correct endianness.
  warnings.warn("One or more input array has non-native endianness!  A copy will"\
/home/groups/tabel/mahlet/quaia-env/lib/python3.10/site-packages/Corrfunc/utils.py:918: UserWarning: One or more input array has non-native endianness!  A copy will be made with the correct endianness.
  warnings.warn("One or more input array has non-native endianness!  A copy will"\
/home/groups/tabel/mahlet/quaia-env/lib/python3.10/site-packages/Corrfunc/utils.py:918: UserWarning: One or more input array has non-native endianness!  A copy will be made with the correct endianness.
  warnings.warn("One or more input array has non-native endianness!  A copy will"\
/home/groups/tabel/mahlet/quaia-env/lib/python3.10/site-packages/Corrfunc/utils.py:918: UserWarning: One or more input array has non-native endianness!  A copy will be made with the correct endianness.
  warnings.warn("One or more input array has non-native endianness!  A copy will"\
/home/groups/tabel/mahlet/quaia-env/lib/python3.10/site-packages/Corrfunc/utils.py:918: UserWarning: One or more input array has non-native endianness!  A copy will be made with the correct endianness.
  warnings.warn("One or more input array has non-native endianness!  A copy will"\
/home/groups/tabel/mahlet/quaia-env/lib/python3.10/site-packages/Corrfunc/utils.py:918: UserWarning: One or more input array has non-native endianness!  A copy will be made with the correct endianness.
  warnings.warn("One or more input array has non-native endianness!  A copy will"\
/home/groups/tabel/mahlet/quaia-env/lib/python3.10/site-packages/Corrfunc/utils.py:918: UserWarning: One or more input array has non-native endianness!  A copy will be made with the correct endianness.
  warnings.warn("One or more input array has non-native endianness!  A copy will"\
/home/groups/tabel/mahlet/quaia-env/lib/python3.10/site-packages/Corrfunc/utils.py:918: UserWarning: One or more input array has non-native endianness!  A copy will be made with the correct endianness.
  warnings.warn("One or more input array has non-native endianness!  A copy will"\
/home/groups/tabel/mahlet/quaia-env/lib/python3.10/site-packages/Corrfunc/utils.py:918: UserWarning: One or more input array has non-native endianness!  A copy will be made with the correct endianness.
  warnings.warn("One or more input array has non-native endianness!  A copy will"\
/home/groups/tabel/mahlet/quaia-env/lib/python3.10/site-packages/Corrfunc/utils.py:918: UserWarning: One or more input array has non-native endianness!  A copy will be made with the correct endianness.
  warnings.warn("One or more input array has non-native endianness!  A copy will"\
/home/groups/tabel/mahlet/quaia-env/lib/python3.10/site-packages/Corrfunc/utils.py:918: UserWarning: One or more input array has non-native endianness!  A copy will be made with the correct endianness.
  warnings.warn("One or more input array has non-native endianness!  A copy will"\
/home/groups/tabel/mahlet/quaia-env/lib/python3.10/site-packages/Corrfunc/utils.py:918: UserWarning: One or more input array has non-native endianness!  A copy will be made with the correct endianness.
  warnings.warn("One or more input array has non-native endianness!  A copy will"\
/home/groups/tabel/mahlet/quaia-env/lib/python3.10/site-packages/Corrfunc/utils.py:918: UserWarning: One or more input array has non-native endianness!  A copy will be made with the correct endianness.
  warnings.warn("One or more input array has non-native endianness!  A copy will"\
/home/groups/tabel/mahlet/quaia-env/lib/python3.10/site-packages/Corrfunc/utils.py:918: UserWarning: One or more input array has non-native endianness!  A copy will be made with the correct endianness.
  warnings.warn("One or more input array has non-native endianness!  A copy will"\
/home/groups/tabel/mahlet/quaia-env/lib/python3.10/site-packages/Corrfunc/utils.py:918: UserWarning: One or more input array has non-native endianness!  A copy will be made with the correct endianness.
  warnings.warn("One or more input array has non-native endianness!  A copy will"\
/home/groups/tabel/mahlet/quaia-env/lib/python3.10/site-packages/Corrfunc/utils.py:918: UserWarning: One or more input array has non-native endianness!  A copy will be made with the correct endianness.
  warnings.warn("One or more input array has non-native endianness!  A copy will"\
/home/groups/tabel/mahlet/quaia-env/lib/python3.10/site-packages/Corrfunc/utils.py:918: UserWarning: One or more input array has non-native endianness!  A copy will be made with the correct endianness.
  warnings.warn("One or more input array has non-native endianness!  A copy will"\
/home/groups/tabel/mahlet/quaia-env/lib/python3.10/site-packages/Corrfunc/utils.py:918: UserWarning: One or more input array has non-native endianness!  A copy will be made with the correct endianness.
  warnings.warn("One or more input array has non-native endianness!  A copy will"\
/home/groups/tabel/mahlet/quaia-env/lib/python3.10/site-packages/Corrfunc/utils.py:918: UserWarning: One or more input array has non-native endianness!  A copy will be made with the correct endianness.
  warnings.warn("One or more input array has non-native endianness!  A copy will"\
/home/groups/tabel/mahlet/quaia-env/lib/python3.10/site-packages/Corrfunc/utils.py:918: UserWarning: One or more input array has non-native endianness!  A copy will be made with the correct endianness.
  warnings.warn("One or more input array has non-native endianness!  A copy will"\
/home/groups/tabel/mahlet/quaia-env/lib/python3.10/site-packages/Corrfunc/utils.py:918: UserWarning: One or more input array has non-native endianness!  A copy will be made with the correct endianness.
  warnings.warn("One or more input array has non-native endianness!  A copy will"\
/home/groups/tabel/mahlet/quaia-env/lib/python3.10/site-packages/Corrfunc/utils.py:918: UserWarning: One or more input array has non-native endianness!  A copy will be made with the correct endianness.
  warnings.warn("One or more input array has non-native endianness!  A copy will"\
/home/groups/tabel/mahlet/quaia-env/lib/python3.10/site-packages/Corrfunc/utils.py:918: UserWarning: One or more input array has non-native endianness!  A copy will be made with the correct endianness.
  warnings.warn("One or more input array has non-native endianness!  A copy will"\
/home/groups/tabel/mahlet/quaia-env/lib/python3.10/site-packages/Corrfunc/utils.py:918: UserWarning: One or more input array has non-native endianness!  A copy will be made with the correct endianness.
  warnings.warn("One or more input array has non-native endianness!  A copy will"\
/home/groups/tabel/mahlet/quaia-env/lib/python3.10/site-packages/Corrfunc/utils.py:918: UserWarning: One or more input array has non-native endianness!  A copy will be made with the correct endianness.
  warnings.warn("One or more input array has non-native endianness!  A copy will"\
/home/groups/tabel/mahlet/quaia-env/lib/python3.10/site-packages/Corrfunc/utils.py:918: UserWarning: One or more input array has non-native endianness!  A copy will be made with the correct endianness.
  warnings.warn("One or more input array has non-native endianness!  A copy will"\
/home/groups/tabel/mahlet/quaia-env/lib/python3.10/site-packages/Corrfunc/utils.py:918: UserWarning: One or more input array has non-native endianness!  A copy will be made with the correct endianness.
  warnings.warn("One or more input array has non-native endianness!  A copy will"\
/home/groups/tabel/mahlet/quaia-env/lib/python3.10/site-packages/Corrfunc/utils.py:918: UserWarning: One or more input array has non-native endianness!  A copy will be made with the correct endianness.
  warnings.warn("One or more input array has non-native endianness!  A copy will"\
/home/groups/tabel/mahlet/quaia-env/lib/python3.10/site-packages/Corrfunc/utils.py:918: UserWarning: One or more input array has non-native endianness!  A copy will be made with the correct endianness.
  warnings.warn("One or more input array has non-native endianness!  A copy will"\
/home/groups/tabel/mahlet/quaia-env/lib/python3.10/site-packages/Corrfunc/utils.py:918: UserWarning: One or more input array has non-native endianness!  A copy will be made with the correct endianness.
  warnings.warn("One or more input array has non-native endianness!  A copy will"\
/home/groups/tabel/mahlet/quaia-env/lib/python3.10/site-packages/Corrfunc/utils.py:918: UserWarning: One or more input array has non-native endianness!  A copy will be made with the correct endianness.
  warnings.warn("One or more input array has non-native endianness!  A copy will"\
/home/groups/tabel/mahlet/quaia-env/lib/python3.10/site-packages/Corrfunc/utils.py:918: UserWarning: One or more input array has non-native endianness!  A copy will be made with the correct endianness.
  warnings.warn("One or more input array has non-native endianness!  A copy will"\
/home/groups/tabel/mahlet/quaia-env/lib/python3.10/site-packages/Corrfunc/utils.py:918: UserWarning: One or more input array has non-native endianness!  A copy will be made with the correct endianness.
  warnings.warn("One or more input array has non-native endianness!  A copy will"\
/home/groups/tabel/mahlet/quaia-env/lib/python3.10/site-packages/Corrfunc/utils.py:918: UserWarning: One or more input array has non-native endianness!  A copy will be made with the correct endianness.
  warnings.warn("One or more input array has non-native endianness!  A copy will"\
/home/groups/tabel/mahlet/quaia-env/lib/python3.10/site-packages/Corrfunc/utils.py:918: UserWarning: One or more input array has non-native endianness!  A copy will be made with the correct endianness.
  warnings.warn("One or more input array has non-native endianness!  A copy will"\
/home/groups/tabel/mahlet/quaia-env/lib/python3.10/site-packages/Corrfunc/utils.py:918: UserWarning: One or more input array has non-native endianness!  A copy will be made with the correct endianness.
  warnings.warn("One or more input array has non-native endianness!  A copy will"\
/home/groups/tabel/mahlet/quaia-env/lib/python3.10/site-packages/Corrfunc/utils.py:918: UserWarning: One or more input array has non-native endianness!  A copy will be made with the correct endianness.
  warnings.warn("One or more input array has non-native endianness!  A copy will"\
/home/groups/tabel/mahlet/quaia-env/lib/python3.10/site-packages/Corrfunc/utils.py:918: UserWarning: One or more input array has non-native endianness!  A copy will be made with the correct endianness.
  warnings.warn("One or more input array has non-native endianness!  A copy will"\
/home/groups/tabel/mahlet/quaia-env/lib/python3.10/site-packages/Corrfunc/utils.py:918: UserWarning: One or more input array has non-native endianness!  A copy will be made with the correct endianness.
  warnings.warn("One or more input array has non-native endianness!  A copy will"\
/home/groups/tabel/mahlet/quaia-env/lib/python3.10/site-packages/Corrfunc/utils.py:918: UserWarning: One or more input array has non-native endianness!  A copy will be made with the correct endianness.
  warnings.warn("One or more input array has non-native endianness!  A copy will"\
/home/groups/tabel/mahlet/quaia-env/lib/python3.10/site-packages/Corrfunc/utils.py:918: UserWarning: One or more input array has non-native endianness!  A copy will be made with the correct endianness.
  warnings.warn("One or more input array has non-native endianness!  A copy will"\
/home/groups/tabel/mahlet/quaia-env/lib/python3.10/site-packages/Corrfunc/utils.py:918: UserWarning: One or more input array has non-native endianness!  A copy will be made with the correct endianness.
  warnings.warn("One or more input array has non-native endianness!  A copy will"\
/home/groups/tabel/mahlet/quaia-env/lib/python3.10/site-packages/Corrfunc/utils.py:918: UserWarning: One or more input array has non-native endianness!  A copy will be made with the correct endianness.
  warnings.warn("One or more input array has non-native endianness!  A copy will"\
/home/groups/tabel/mahlet/quaia-env/lib/python3.10/site-packages/Corrfunc/utils.py:918: UserWarning: One or more input array has non-native endianness!  A copy will be made with the correct endianness.
  warnings.warn("One or more input array has non-native endianness!  A copy will"\
/home/groups/tabel/mahlet/quaia-env/lib/python3.10/site-packages/Corrfunc/utils.py:918: UserWarning: One or more input array has non-native endianness!  A copy will be made with the correct endianness.
  warnings.warn("One or more input array has non-native endianness!  A copy will"\
/home/groups/tabel/mahlet/quaia-env/lib/python3.10/site-packages/Corrfunc/utils.py:918: UserWarning: One or more input array has non-native endianness!  A copy will be made with the correct endianness.
  warnings.warn("One or more input array has non-native endianness!  A copy will"\
/home/groups/tabel/mahlet/quaia-env/lib/python3.10/site-packages/Corrfunc/utils.py:918: UserWarning: One or more input array has non-native endianness!  A copy will be made with the correct endianness.
  warnings.warn("One or more input array has non-native endianness!  A copy will"\
/home/groups/tabel/mahlet/quaia-env/lib/python3.10/site-packages/Corrfunc/utils.py:918: UserWarning: One or more input array has non-native endianness!  A copy will be made with the correct endianness.
  warnings.warn("One or more input array has non-native endianness!  A copy will"\
/home/groups/tabel/mahlet/quaia-env/lib/python3.10/site-packages/Corrfunc/utils.py:918: UserWarning: One or more input array has non-native endianness!  A copy will be made with the correct endianness.
  warnings.warn("One or more input array has non-native endianness!  A copy will"\
/home/groups/tabel/mahlet/quaia-env/lib/python3.10/site-packages/Corrfunc/utils.py:918: UserWarning: One or more input array has non-native endianness!  A copy will be made with the correct endianness.
  warnings.warn("One or more input array has non-native endianness!  A copy will"\
/home/groups/tabel/mahlet/quaia-env/lib/python3.10/site-packages/Corrfunc/utils.py:918: UserWarning: One or more input array has non-native endianness!  A copy will be made with the correct endianness.
  warnings.warn("One or more input array has non-native endianness!  A copy will"\
/home/groups/tabel/mahlet/quaia-env/lib/python3.10/site-packages/Corrfunc/utils.py:918: UserWarning: One or more input array has non-native endianness!  A copy will be made with the correct endianness.
  warnings.warn("One or more input array has non-native endianness!  A copy will"\
/home/groups/tabel/mahlet/quaia-env/lib/python3.10/site-packages/Corrfunc/utils.py:918: UserWarning: One or more input array has non-native endianness!  A copy will be made with the correct endianness.
  warnings.warn("One or more input array has non-native endianness!  A copy will"\
/home/groups/tabel/mahlet/quaia-env/lib/python3.10/site-packages/Corrfunc/utils.py:918: UserWarning: One or more input array has non-native endianness!  A copy will be made with the correct endianness.
  warnings.warn("One or more input array has non-native endianness!  A copy will"\
/home/groups/tabel/mahlet/quaia-env/lib/python3.10/site-packages/Corrfunc/utils.py:918: UserWarning: One or more input array has non-native endianness!  A copy will be made with the correct endianness.
  warnings.warn("One or more input array has non-native endianness!  A copy will"\
/home/groups/tabel/mahlet/quaia-env/lib/python3.10/site-packages/Corrfunc/utils.py:918: UserWarning: One or more input array has non-native endianness!  A copy will be made with the correct endianness.
  warnings.warn("One or more input array has non-native endianness!  A copy will"\
/home/groups/tabel/mahlet/quaia-env/lib/python3.10/site-packages/Corrfunc/utils.py:918: UserWarning: One or more input array has non-native endianness!  A copy will be made with the correct endianness.
  warnings.warn("One or more input array has non-native endianness!  A copy will"\
/home/groups/tabel/mahlet/quaia-env/lib/python3.10/site-packages/Corrfunc/utils.py:918: UserWarning: One or more input array has non-native endianness!  A copy will be made with the correct endianness.
  warnings.warn("One or more input array has non-native endianness!  A copy will"\
/home/groups/tabel/mahlet/quaia-env/lib/python3.10/site-packages/Corrfunc/utils.py:918: UserWarning: One or more input array has non-native endianness!  A copy will be made with the correct endianness.
  warnings.warn("One or more input array has non-native endianness!  A copy will"\
/home/groups/tabel/mahlet/quaia-env/lib/python3.10/site-packages/Corrfunc/utils.py:918: UserWarning: One or more input array has non-native endianness!  A copy will be made with the correct endianness.
  warnings.warn("One or more input array has non-native endianness!  A copy will"\
/home/groups/tabel/mahlet/quaia-env/lib/python3.10/site-packages/Corrfunc/utils.py:918: UserWarning: One or more input array has non-native endianness!  A copy will be made with the correct endianness.
  warnings.warn("One or more input array has non-native endianness!  A copy will"\
/home/groups/tabel/mahlet/quaia-env/lib/python3.10/site-packages/Corrfunc/utils.py:918: UserWarning: One or more input array has non-native endianness!  A copy will be made with the correct endianness.
  warnings.warn("One or more input array has non-native endianness!  A copy will"\
/home/groups/tabel/mahlet/quaia-env/lib/python3.10/site-packages/Corrfunc/utils.py:918: UserWarning: One or more input array has non-native endianness!  A copy will be made with the correct endianness.
  warnings.warn("One or more input array has non-native endianness!  A copy will"\
/home/groups/tabel/mahlet/quaia-env/lib/python3.10/site-packages/Corrfunc/utils.py:918: UserWarning: One or more input array has non-native endianness!  A copy will be made with the correct endianness.
  warnings.warn("One or more input array has non-native endianness!  A copy will"\
/home/groups/tabel/mahlet/quaia-env/lib/python3.10/site-packages/Corrfunc/utils.py:918: UserWarning: One or more input array has non-native endianness!  A copy will be made with the correct endianness.
  warnings.warn("One or more input array has non-native endianness!  A copy will"\
/home/groups/tabel/mahlet/quaia-env/lib/python3.10/site-packages/Corrfunc/utils.py:918: UserWarning: One or more input array has non-native endianness!  A copy will be made with the correct endianness.
  warnings.warn("One or more input array has non-native endianness!  A copy will"\
/home/groups/tabel/mahlet/quaia-env/lib/python3.10/site-packages/Corrfunc/utils.py:918: UserWarning: One or more input array has non-native endianness!  A copy will be made with the correct endianness.
  warnings.warn("One or more input array has non-native endianness!  A copy will"\
/home/groups/tabel/mahlet/quaia-env/lib/python3.10/site-packages/Corrfunc/utils.py:918: UserWarning: One or more input array has non-native endianness!  A copy will be made with the correct endianness.
  warnings.warn("One or more input array has non-native endianness!  A copy will"\
/home/groups/tabel/mahlet/quaia-env/lib/python3.10/site-packages/Corrfunc/utils.py:918: UserWarning: One or more input array has non-native endianness!  A copy will be made with the correct endianness.
  warnings.warn("One or more input array has non-native endianness!  A copy will"\
/home/groups/tabel/mahlet/quaia-env/lib/python3.10/site-packages/Corrfunc/utils.py:918: UserWarning: One or more input array has non-native endianness!  A copy will be made with the correct endianness.
  warnings.warn("One or more input array has non-native endianness!  A copy will"\
/home/groups/tabel/mahlet/quaia-env/lib/python3.10/site-packages/Corrfunc/utils.py:918: UserWarning: One or more input array has non-native endianness!  A copy will be made with the correct endianness.
  warnings.warn("One or more input array has non-native endianness!  A copy will"\
/home/groups/tabel/mahlet/quaia-env/lib/python3.10/site-packages/Corrfunc/utils.py:918: UserWarning: One or more input array has non-native endianness!  A copy will be made with the correct endianness.
  warnings.warn("One or more input array has non-native endianness!  A copy will"\
/home/groups/tabel/mahlet/quaia-env/lib/python3.10/site-packages/Corrfunc/utils.py:918: UserWarning: One or more input array has non-native endianness!  A copy will be made with the correct endianness.
  warnings.warn("One or more input array has non-native endianness!  A copy will"\
/home/groups/tabel/mahlet/quaia-env/lib/python3.10/site-packages/Corrfunc/utils.py:918: UserWarning: One or more input array has non-native endianness!  A copy will be made with the correct endianness.
  warnings.warn("One or more input array has non-native endianness!  A copy will"\
/home/groups/tabel/mahlet/quaia-env/lib/python3.10/site-packages/Corrfunc/utils.py:918: UserWarning: One or more input array has non-native endianness!  A copy will be made with the correct endianness.
  warnings.warn("One or more input array has non-native endianness!  A copy will"\
/home/groups/tabel/mahlet/quaia-env/lib/python3.10/site-packages/Corrfunc/utils.py:918: UserWarning: One or more input array has non-native endianness!  A copy will be made with the correct endianness.
  warnings.warn("One or more input array has non-native endianness!  A copy will"\
/home/groups/tabel/mahlet/quaia-env/lib/python3.10/site-packages/Corrfunc/utils.py:918: UserWarning: One or more input array has non-native endianness!  A copy will be made with the correct endianness.
  warnings.warn("One or more input array has non-native endianness!  A copy will"\
/home/groups/tabel/mahlet/quaia-env/lib/python3.10/site-packages/Corrfunc/utils.py:918: UserWarning: One or more input array has non-native endianness!  A copy will be made with the correct endianness.
  warnings.warn("One or more input array has non-native endianness!  A copy will"\
/home/groups/tabel/mahlet/quaia-env/lib/python3.10/site-packages/Corrfunc/utils.py:918: UserWarning: One or more input array has non-native endianness!  A copy will be made with the correct endianness.
  warnings.warn("One or more input array has non-native endianness!  A copy will"\
/home/groups/tabel/mahlet/quaia-env/lib/python3.10/site-packages/Corrfunc/utils.py:918: UserWarning: One or more input array has non-native endianness!  A copy will be made with the correct endianness.
  warnings.warn("One or more input array has non-native endianness!  A copy will"\
/home/groups/tabel/mahlet/quaia-env/lib/python3.10/site-packages/Corrfunc/utils.py:918: UserWarning: One or more input array has non-native endianness!  A copy will be made with the correct endianness.
  warnings.warn("One or more input array has non-native endianness!  A copy will"\
/home/groups/tabel/mahlet/quaia-env/lib/python3.10/site-packages/Corrfunc/utils.py:918: UserWarning: One or more input array has non-native endianness!  A copy will be made with the correct endianness.
  warnings.warn("One or more input array has non-native endianness!  A copy will"\
/home/groups/tabel/mahlet/quaia-env/lib/python3.10/site-packages/Corrfunc/utils.py:918: UserWarning: One or more input array has non-native endianness!  A copy will be made with the correct endianness.
  warnings.warn("One or more input array has non-native endianness!  A copy will"\
/home/groups/tabel/mahlet/quaia-env/lib/python3.10/site-packages/Corrfunc/utils.py:918: UserWarning: One or more input array has non-native endianness!  A copy will be made with the correct endianness.
  warnings.warn("One or more input array has non-native endianness!  A copy will"\
/home/groups/tabel/mahlet/quaia-env/lib/python3.10/site-packages/Corrfunc/utils.py:918: UserWarning: One or more input array has non-native endianness!  A copy will be made with the correct endianness.
  warnings.warn("One or more input array has non-native endianness!  A copy will"\
/home/groups/tabel/mahlet/quaia-env/lib/python3.10/site-packages/Corrfunc/utils.py:918: UserWarning: One or more input array has non-native endianness!  A copy will be made with the correct endianness.
  warnings.warn("One or more input array has non-native endianness!  A copy will"\
/home/groups/tabel/mahlet/quaia-env/lib/python3.10/site-packages/Corrfunc/utils.py:918: UserWarning: One or more input array has non-native endianness!  A copy will be made with the correct endianness.
  warnings.warn("One or more input array has non-native endianness!  A copy will"\
/home/groups/tabel/mahlet/quaia-env/lib/python3.10/site-packages/Corrfunc/utils.py:918: UserWarning: One or more input array has non-native endianness!  A copy will be made with the correct endianness.
  warnings.warn("One or more input array has non-native endianness!  A copy will"\
/home/groups/tabel/mahlet/quaia-env/lib/python3.10/site-packages/Corrfunc/utils.py:918: UserWarning: One or more input array has non-native endianness!  A copy will be made with the correct endianness.
  warnings.warn("One or more input array has non-native endianness!  A copy will"\
/home/groups/tabel/mahlet/quaia-env/lib/python3.10/site-packages/Corrfunc/utils.py:918: UserWarning: One or more input array has non-native endianness!  A copy will be made with the correct endianness.
  warnings.warn("One or more input array has non-native endianness!  A copy will"\
/home/groups/tabel/mahlet/quaia-env/lib/python3.10/site-packages/Corrfunc/utils.py:918: UserWarning: One or more input array has non-native endianness!  A copy will be made with the correct endianness.
  warnings.warn("One or more input array has non-native endianness!  A copy will"\
/home/groups/tabel/mahlet/quaia-env/lib/python3.10/site-packages/Corrfunc/utils.py:918: UserWarning: One or more input array has non-native endianness!  A copy will be made with the correct endianness.
  warnings.warn("One or more input array has non-native endianness!  A copy will"\
/home/groups/tabel/mahlet/quaia-env/lib/python3.10/site-packages/Corrfunc/utils.py:918: UserWarning: One or more input array has non-native endianness!  A copy will be made with the correct endianness.
  warnings.warn("One or more input array has non-native endianness!  A copy will"\
/home/groups/tabel/mahlet/quaia-env/lib/python3.10/site-packages/Corrfunc/utils.py:918: UserWarning: One or more input array has non-native endianness!  A copy will be made with the correct endianness.
  warnings.warn("One or more input array has non-native endianness!  A copy will"\
/home/groups/tabel/mahlet/quaia-env/lib/python3.10/site-packages/Corrfunc/utils.py:918: UserWarning: One or more input array has non-native endianness!  A copy will be made with the correct endianness.
  warnings.warn("One or more input array has non-native endianness!  A copy will"\
/home/groups/tabel/mahlet/quaia-env/lib/python3.10/site-packages/Corrfunc/utils.py:918: UserWarning: One or more input array has non-native endianness!  A copy will be made with the correct endianness.
  warnings.warn("One or more input array has non-native endianness!  A copy will"\
/home/groups/tabel/mahlet/quaia-env/lib/python3.10/site-packages/Corrfunc/utils.py:918: UserWarning: One or more input array has non-native endianness!  A copy will be made with the correct endianness.
  warnings.warn("One or more input array has non-native endianness!  A copy will"\
/home/groups/tabel/mahlet/quaia-env/lib/python3.10/site-packages/Corrfunc/utils.py:918: UserWarning: One or more input array has non-native endianness!  A copy will be made with the correct endianness.
  warnings.warn("One or more input array has non-native endianness!  A copy will"\
/home/groups/tabel/mahlet/quaia-env/lib/python3.10/site-packages/Corrfunc/utils.py:918: UserWarning: One or more input array has non-native endianness!  A copy will be made with the correct endianness.
  warnings.warn("One or more input array has non-native endianness!  A copy will"\
/home/groups/tabel/mahlet/quaia-env/lib/python3.10/site-packages/Corrfunc/utils.py:918: UserWarning: One or more input array has non-native endianness!  A copy will be made with the correct endianness.
  warnings.warn("One or more input array has non-native endianness!  A copy will"\
/home/groups/tabel/mahlet/quaia-env/lib/python3.10/site-packages/Corrfunc/utils.py:918: UserWarning: One or more input array has non-native endianness!  A copy will be made with the correct endianness.
  warnings.warn("One or more input array has non-native endianness!  A copy will"\
/home/groups/tabel/mahlet/quaia-env/lib/python3.10/site-packages/Corrfunc/utils.py:918: UserWarning: One or more input array has non-native endianness!  A copy will be made with the correct endianness.
  warnings.warn("One or more input array has non-native endianness!  A copy will"\
/home/groups/tabel/mahlet/quaia-env/lib/python3.10/site-packages/Corrfunc/utils.py:918: UserWarning: One or more input array has non-native endianness!  A copy will be made with the correct endianness.
  warnings.warn("One or more input array has non-native endianness!  A copy will"\
/home/groups/tabel/mahlet/quaia-env/lib/python3.10/site-packages/Corrfunc/utils.py:918: UserWarning: One or more input array has non-native endianness!  A copy will be made with the correct endianness.
  warnings.warn("One or more input array has non-native endianness!  A copy will"\
/home/groups/tabel/mahlet/quaia-env/lib/python3.10/site-packages/Corrfunc/utils.py:918: UserWarning: One or more input array has non-native endianness!  A copy will be made with the correct endianness.
  warnings.warn("One or more input array has non-native endianness!  A copy will"\
/home/groups/tabel/mahlet/quaia-env/lib/python3.10/site-packages/Corrfunc/utils.py:918: UserWarning: One or more input array has non-native endianness!  A copy will be made with the correct endianness.
  warnings.warn("One or more input array has non-native endianness!  A copy will"\
/home/groups/tabel/mahlet/quaia-env/lib/python3.10/site-packages/Corrfunc/utils.py:918: UserWarning: One or more input array has non-native endianness!  A copy will be made with the correct endianness.
  warnings.warn("One or more input array has non-native endianness!  A copy will"\
/home/groups/tabel/mahlet/quaia-env/lib/python3.10/site-packages/Corrfunc/utils.py:918: UserWarning: One or more input array has non-native endianness!  A copy will be made with the correct endianness.
  warnings.warn("One or more input array has non-native endianness!  A copy will"\
/home/groups/tabel/mahlet/quaia-env/lib/python3.10/site-packages/Corrfunc/utils.py:918: UserWarning: One or more input array has non-native endianness!  A copy will be made with the correct endianness.
  warnings.warn("One or more input array has non-native endianness!  A copy will"\
/home/groups/tabel/mahlet/quaia-env/lib/python3.10/site-packages/Corrfunc/utils.py:918: UserWarning: One or more input array has non-native endianness!  A copy will be made with the correct endianness.
  warnings.warn("One or more input array has non-native endianness!  A copy will"\
/home/groups/tabel/mahlet/quaia-env/lib/python3.10/site-packages/Corrfunc/utils.py:918: UserWarning: One or more input array has non-native endianness!  A copy will be made with the correct endianness.
  warnings.warn("One or more input array has non-native endianness!  A copy will"\
/home/groups/tabel/mahlet/quaia-env/lib/python3.10/site-packages/Corrfunc/utils.py:918: UserWarning: One or more input array has non-native endianness!  A copy will be made with the correct endianness.
  warnings.warn("One or more input array has non-native endianness!  A copy will"\
/home/groups/tabel/mahlet/quaia-env/lib/python3.10/site-packages/Corrfunc/utils.py:918: UserWarning: One or more input array has non-native endianness!  A copy will be made with the correct endianness.
  warnings.warn("One or more input array has non-native endianness!  A copy will"\
/home/groups/tabel/mahlet/quaia-env/lib/python3.10/site-packages/Corrfunc/utils.py:918: UserWarning: One or more input array has non-native endianness!  A copy will be made with the correct endianness.
  warnings.warn("One or more input array has non-native endianness!  A copy will"\
/home/groups/tabel/mahlet/quaia-env/lib/python3.10/site-packages/Corrfunc/utils.py:918: UserWarning: One or more input array has non-native endianness!  A copy will be made with the correct endianness.
  warnings.warn("One or more input array has non-native endianness!  A copy will"\
/home/groups/tabel/mahlet/quaia-env/lib/python3.10/site-packages/Corrfunc/utils.py:918: UserWarning: One or more input array has non-native endianness!  A copy will be made with the correct endianness.
  warnings.warn("One or more input array has non-native endianness!  A copy will"\
/home/groups/tabel/mahlet/quaia-env/lib/python3.10/site-packages/Corrfunc/utils.py:918: UserWarning: One or more input array has non-native endianness!  A copy will be made with the correct endianness.
  warnings.warn("One or more input array has non-native endianness!  A copy will"\
/home/groups/tabel/mahlet/quaia-env/lib/python3.10/site-packages/Corrfunc/utils.py:918: UserWarning: One or more input array has non-native endianness!  A copy will be made with the correct endianness.
  warnings.warn("One or more input array has non-native endianness!  A copy will"\
/home/groups/tabel/mahlet/quaia-env/lib/python3.10/site-packages/Corrfunc/utils.py:918: UserWarning: One or more input array has non-native endianness!  A copy will be made with the correct endianness.
  warnings.warn("One or more input array has non-native endianness!  A copy will"\
/home/groups/tabel/mahlet/quaia-env/lib/python3.10/site-packages/Corrfunc/utils.py:918: UserWarning: One or more input array has non-native endianness!  A copy will be made with the correct endianness.
  warnings.warn("One or more input array has non-native endianness!  A copy will"\
/home/groups/tabel/mahlet/quaia-env/lib/python3.10/site-packages/Corrfunc/utils.py:918: UserWarning: One or more input array has non-native endianness!  A copy will be made with the correct endianness.
  warnings.warn("One or more input array has non-native endianness!  A copy will"\
/home/groups/tabel/mahlet/quaia-env/lib/python3.10/site-packages/Corrfunc/utils.py:918: UserWarning: One or more input array has non-native endianness!  A copy will be made with the correct endianness.
  warnings.warn("One or more input array has non-native endianness!  A copy will"\
/home/groups/tabel/mahlet/quaia-env/lib/python3.10/site-packages/Corrfunc/utils.py:918: UserWarning: One or more input array has non-native endianness!  A copy will be made with the correct endianness.
  warnings.warn("One or more input array has non-native endianness!  A copy will"\
/home/groups/tabel/mahlet/quaia-env/lib/python3.10/site-packages/Corrfunc/utils.py:918: UserWarning: One or more input array has non-native endianness!  A copy will be made with the correct endianness.
  warnings.warn("One or more input array has non-native endianness!  A copy will"\
/home/groups/tabel/mahlet/quaia-env/lib/python3.10/site-packages/Corrfunc/utils.py:918: UserWarning: One or more input array has non-native endianness!  A copy will be made with the correct endianness.
  warnings.warn("One or more input array has non-native endianness!  A copy will"\
/home/groups/tabel/mahlet/quaia-env/lib/python3.10/site-packages/Corrfunc/utils.py:918: UserWarning: One or more input array has non-native endianness!  A copy will be made with the correct endianness.
  warnings.warn("One or more input array has non-native endianness!  A copy will"\
/home/groups/tabel/mahlet/quaia-env/lib/python3.10/site-packages/Corrfunc/utils.py:918: UserWarning: One or more input array has non-native endianness!  A copy will be made with the correct endianness.
  warnings.warn("One or more input array has non-native endianness!  A copy will"\
/home/groups/tabel/mahlet/quaia-env/lib/python3.10/site-packages/Corrfunc/utils.py:918: UserWarning: One or more input array has non-native endianness!  A copy will be made with the correct endianness.
  warnings.warn("One or more input array has non-native endianness!  A copy will"\
/home/groups/tabel/mahlet/quaia-env/lib/python3.10/site-packages/Corrfunc/utils.py:918: UserWarning: One or more input array has non-native endianness!  A copy will be made with the correct endianness.
  warnings.warn("One or more input array has non-native endianness!  A copy will"\
/home/groups/tabel/mahlet/quaia-env/lib/python3.10/site-packages/Corrfunc/utils.py:918: UserWarning: One or more input array has non-native endianness!  A copy will be made with the correct endianness.
  warnings.warn("One or more input array has non-native endianness!  A copy will"\
/home/groups/tabel/mahlet/quaia-env/lib/python3.10/site-packages/Corrfunc/utils.py:918: UserWarning: One or more input array has non-native endianness!  A copy will be made with the correct endianness.
  warnings.warn("One or more input array has non-native endianness!  A copy will"\
/home/groups/tabel/mahlet/quaia-env/lib/python3.10/site-packages/Corrfunc/utils.py:918: UserWarning: One or more input array has non-native endianness!  A copy will be made with the correct endianness.
  warnings.warn("One or more input array has non-native endianness!  A copy will"\
/home/groups/tabel/mahlet/quaia-env/lib/python3.10/site-packages/Corrfunc/utils.py:918: UserWarning: One or more input array has non-native endianness!  A copy will be made with the correct endianness.
  warnings.warn("One or more input array has non-native endianness!  A copy will"\
/home/groups/tabel/mahlet/quaia-env/lib/python3.10/site-packages/Corrfunc/utils.py:918: UserWarning: One or more input array has non-native endianness!  A copy will be made with the correct endianness.
  warnings.warn("One or more input array has non-native endianness!  A copy will"\
/home/groups/tabel/mahlet/quaia-env/lib/python3.10/site-packages/Corrfunc/utils.py:918: UserWarning: One or more input array has non-native endianness!  A copy will be made with the correct endianness.
  warnings.warn("One or more input array has non-native endianness!  A copy will"\
/home/groups/tabel/mahlet/quaia-env/lib/python3.10/site-packages/Corrfunc/utils.py:918: UserWarning: One or more input array has non-native endianness!  A copy will be made with the correct endianness.
  warnings.warn("One or more input array has non-native endianness!  A copy will"\
/home/groups/tabel/mahlet/quaia-env/lib/python3.10/site-packages/Corrfunc/utils.py:918: UserWarning: One or more input array has non-native endianness!  A copy will be made with the correct endianness.
  warnings.warn("One or more input array has non-native endianness!  A copy will"\
/home/groups/tabel/mahlet/quaia-env/lib/python3.10/site-packages/Corrfunc/utils.py:918: UserWarning: One or more input array has non-native endianness!  A copy will be made with the correct endianness.
  warnings.warn("One or more input array has non-native endianness!  A copy will"\
/home/groups/tabel/mahlet/quaia-env/lib/python3.10/site-packages/Corrfunc/utils.py:918: UserWarning: One or more input array has non-native endianness!  A copy will be made with the correct endianness.
  warnings.warn("One or more input array has non-native endianness!  A copy will"\
/home/groups/tabel/mahlet/quaia-env/lib/python3.10/site-packages/Corrfunc/utils.py:918: UserWarning: One or more input array has non-native endianness!  A copy will be made with the correct endianness.
  warnings.warn("One or more input array has non-native endianness!  A copy will"\
/home/groups/tabel/mahlet/quaia-env/lib/python3.10/site-packages/Corrfunc/utils.py:918: UserWarning: One or more input array has non-native endianness!  A copy will be made with the correct endianness.
  warnings.warn("One or more input array has non-native endianness!  A copy will"\
/home/groups/tabel/mahlet/quaia-env/lib/python3.10/site-packages/Corrfunc/utils.py:918: UserWarning: One or more input array has non-native endianness!  A copy will be made with the correct endianness.
  warnings.warn("One or more input array has non-native endianness!  A copy will"\
/home/groups/tabel/mahlet/quaia-env/lib/python3.10/site-packages/Corrfunc/utils.py:918: UserWarning: One or more input array has non-native endianness!  A copy will be made with the correct endianness.
  warnings.warn("One or more input array has non-native endianness!  A copy will"\
/home/groups/tabel/mahlet/quaia-env/lib/python3.10/site-packages/Corrfunc/utils.py:918: UserWarning: One or more input array has non-native endianness!  A copy will be made with the correct endianness.
  warnings.warn("One or more input array has non-native endianness!  A copy will"\
/home/groups/tabel/mahlet/quaia-env/lib/python3.10/site-packages/Corrfunc/utils.py:918: UserWarning: One or more input array has non-native endianness!  A copy will be made with the correct endianness.
  warnings.warn("One or more input array has non-native endianness!  A copy will"\
/home/groups/tabel/mahlet/quaia-env/lib/python3.10/site-packages/Corrfunc/utils.py:918: UserWarning: One or more input array has non-native endianness!  A copy will be made with the correct endianness.
  warnings.warn("One or more input array has non-native endianness!  A copy will"\
/home/groups/tabel/mahlet/quaia-env/lib/python3.10/site-packages/Corrfunc/utils.py:918: UserWarning: One or more input array has non-native endianness!  A copy will be made with the correct endianness.
  warnings.warn("One or more input array has non-native endianness!  A copy will"\
/home/groups/tabel/mahlet/quaia-env/lib/python3.10/site-packages/Corrfunc/utils.py:918: UserWarning: One or more input array has non-native endianness!  A copy will be made with the correct endianness.
  warnings.warn("One or more input array has non-native endianness!  A copy will"\
/home/groups/tabel/mahlet/quaia-env/lib/python3.10/site-packages/Corrfunc/utils.py:918: UserWarning: One or more input array has non-native endianness!  A copy will be made with the correct endianness.
  warnings.warn("One or more input array has non-native endianness!  A copy will"\
/home/groups/tabel/mahlet/quaia-env/lib/python3.10/site-packages/Corrfunc/utils.py:918: UserWarning: One or more input array has non-native endianness!  A copy will be made with the correct endianness.
  warnings.warn("One or more input array has non-native endianness!  A copy will"\
/home/groups/tabel/mahlet/quaia-env/lib/python3.10/site-packages/Corrfunc/utils.py:918: UserWarning: One or more input array has non-native endianness!  A copy will be made with the correct endianness.
  warnings.warn("One or more input array has non-native endianness!  A copy will"\
/home/groups/tabel/mahlet/quaia-env/lib/python3.10/site-packages/Corrfunc/utils.py:918: UserWarning: One or more input array has non-native endianness!  A copy will be made with the correct endianness.
  warnings.warn("One or more input array has non-native endianness!  A copy will"\
/home/groups/tabel/mahlet/quaia-env/lib/python3.10/site-packages/Corrfunc/utils.py:918: UserWarning: One or more input array has non-native endianness!  A copy will be made with the correct endianness.
  warnings.warn("One or more input array has non-native endianness!  A copy will"\
/home/groups/tabel/mahlet/quaia-env/lib/python3.10/site-packages/Corrfunc/utils.py:918: UserWarning: One or more input array has non-native endianness!  A copy will be made with the correct endianness.
  warnings.warn("One or more input array has non-native endianness!  A copy will"\
/home/groups/tabel/mahlet/quaia-env/lib/python3.10/site-packages/Corrfunc/utils.py:918: UserWarning: One or more input array has non-native endianness!  A copy will be made with the correct endianness.
  warnings.warn("One or more input array has non-native endianness!  A copy will"\
/home/groups/tabel/mahlet/quaia-env/lib/python3.10/site-packages/Corrfunc/utils.py:918: UserWarning: One or more input array has non-native endianness!  A copy will be made with the correct endianness.
  warnings.warn("One or more input array has non-native endianness!  A copy will"\
/home/groups/tabel/mahlet/quaia-env/lib/python3.10/site-packages/Corrfunc/utils.py:918: UserWarning: One or more input array has non-native endianness!  A copy will be made with the correct endianness.
  warnings.warn("One or more input array has non-native endianness!  A copy will"\
/home/groups/tabel/mahlet/quaia-env/lib/python3.10/site-packages/Corrfunc/utils.py:918: UserWarning: One or more input array has non-native endianness!  A copy will be made with the correct endianness.
  warnings.warn("One or more input array has non-native endianness!  A copy will"\
/home/groups/tabel/mahlet/quaia-env/lib/python3.10/site-packages/Corrfunc/utils.py:918: UserWarning: One or more input array has non-native endianness!  A copy will be made with the correct endianness.
  warnings.warn("One or more input array has non-native endianness!  A copy will"\
/home/groups/tabel/mahlet/quaia-env/lib/python3.10/site-packages/Corrfunc/utils.py:918: UserWarning: One or more input array has non-native endianness!  A copy will be made with the correct endianness.
  warnings.warn("One or more input array has non-native endianness!  A copy will"\
/home/groups/tabel/mahlet/quaia-env/lib/python3.10/site-packages/Corrfunc/utils.py:918: UserWarning: One or more input array has non-native endianness!  A copy will be made with the correct endianness.
  warnings.warn("One or more input array has non-native endianness!  A copy will"\
/home/groups/tabel/mahlet/quaia-env/lib/python3.10/site-packages/Corrfunc/utils.py:918: UserWarning: One or more input array has non-native endianness!  A copy will be made with the correct endianness.
  warnings.warn("One or more input array has non-native endianness!  A copy will"\
/home/groups/tabel/mahlet/quaia-env/lib/python3.10/site-packages/Corrfunc/utils.py:918: UserWarning: One or more input array has non-native endianness!  A copy will be made with the correct endianness.
  warnings.warn("One or more input array has non-native endianness!  A copy will"\
/home/groups/tabel/mahlet/quaia-env/lib/python3.10/site-packages/Corrfunc/utils.py:918: UserWarning: One or more input array has non-native endianness!  A copy will be made with the correct endianness.
  warnings.warn("One or more input array has non-native endianness!  A copy will"\
/home/groups/tabel/mahlet/quaia-env/lib/python3.10/site-packages/Corrfunc/utils.py:918: UserWarning: One or more input array has non-native endianness!  A copy will be made with the correct endianness.
  warnings.warn("One or more input array has non-native endianness!  A copy will"\
/home/groups/tabel/mahlet/quaia-env/lib/python3.10/site-packages/Corrfunc/utils.py:918: UserWarning: One or more input array has non-native endianness!  A copy will be made with the correct endianness.
  warnings.warn("One or more input array has non-native endianness!  A copy will"\
/home/groups/tabel/mahlet/quaia-env/lib/python3.10/site-packages/Corrfunc/utils.py:918: UserWarning: One or more input array has non-native endianness!  A copy will be made with the correct endianness.
  warnings.warn("One or more input array has non-native endianness!  A copy will"\
/home/groups/tabel/mahlet/quaia-env/lib/python3.10/site-packages/Corrfunc/utils.py:918: UserWarning: One or more input array has non-native endianness!  A copy will be made with the correct endianness.
  warnings.warn("One or more input array has non-native endianness!  A copy will"\
/home/groups/tabel/mahlet/quaia-env/lib/python3.10/site-packages/Corrfunc/utils.py:918: UserWarning: One or more input array has non-native endianness!  A copy will be made with the correct endianness.
  warnings.warn("One or more input array has non-native endianness!  A copy will"\
/home/groups/tabel/mahlet/quaia-env/lib/python3.10/site-packages/Corrfunc/utils.py:918: UserWarning: One or more input array has non-native endianness!  A copy will be made with the correct endianness.
  warnings.warn("One or more input array has non-native endianness!  A copy will"\
/home/groups/tabel/mahlet/quaia-env/lib/python3.10/site-packages/Corrfunc/utils.py:918: UserWarning: One or more input array has non-native endianness!  A copy will be made with the correct endianness.
  warnings.warn("One or more input array has non-native endianness!  A copy will"\
/home/groups/tabel/mahlet/quaia-env/lib/python3.10/site-packages/Corrfunc/utils.py:918: UserWarning: One or more input array has non-native endianness!  A copy will be made with the correct endianness.
  warnings.warn("One or more input array has non-native endianness!  A copy will"\
/home/groups/tabel/mahlet/quaia-env/lib/python3.10/site-packages/Corrfunc/utils.py:918: UserWarning: One or more input array has non-native endianness!  A copy will be made with the correct endianness.
  warnings.warn("One or more input array has non-native endianness!  A copy will"\
/home/groups/tabel/mahlet/quaia-env/lib/python3.10/site-packages/Corrfunc/utils.py:918: UserWarning: One or more input array has non-native endianness!  A copy will be made with the correct endianness.
  warnings.warn("One or more input array has non-native endianness!  A copy will"\
/home/groups/tabel/mahlet/quaia-env/lib/python3.10/site-packages/Corrfunc/utils.py:918: UserWarning: One or more input array has non-native endianness!  A copy will be made with the correct endianness.
  warnings.warn("One or more input array has non-native endianness!  A copy will"\
/home/groups/tabel/mahlet/quaia-env/lib/python3.10/site-packages/Corrfunc/utils.py:918: UserWarning: One or more input array has non-native endianness!  A copy will be made with the correct endianness.
  warnings.warn("One or more input array has non-native endianness!  A copy will"\
/home/groups/tabel/mahlet/quaia-env/lib/python3.10/site-packages/Corrfunc/utils.py:918: UserWarning: One or more input array has non-native endianness!  A copy will be made with the correct endianness.
  warnings.warn("One or more input array has non-native endianness!  A copy will"\
/home/groups/tabel/mahlet/quaia-env/lib/python3.10/site-packages/Corrfunc/utils.py:918: UserWarning: One or more input array has non-native endianness!  A copy will be made with the correct endianness.
  warnings.warn("One or more input array has non-native endianness!  A copy will"\
/home/groups/tabel/mahlet/quaia-env/lib/python3.10/site-packages/Corrfunc/utils.py:918: UserWarning: One or more input array has non-native endianness!  A copy will be made with the correct endianness.
  warnings.warn("One or more input array has non-native endianness!  A copy will"\
/home/groups/tabel/mahlet/quaia-env/lib/python3.10/site-packages/Corrfunc/utils.py:918: UserWarning: One or more input array has non-native endianness!  A copy will be made with the correct endianness.
  warnings.warn("One or more input array has non-native endianness!  A copy will"\
/home/groups/tabel/mahlet/quaia-env/lib/python3.10/site-packages/Corrfunc/utils.py:918: UserWarning: One or more input array has non-native endianness!  A copy will be made with the correct endianness.
  warnings.warn("One or more input array has non-native endianness!  A copy will"\
/home/groups/tabel/mahlet/quaia-env/lib/python3.10/site-packages/Corrfunc/utils.py:918: UserWarning: One or more input array has non-native endianness!  A copy will be made with the correct endianness.
  warnings.warn("One or more input array has non-native endianness!  A copy will"\
/home/groups/tabel/mahlet/quaia-env/lib/python3.10/site-packages/Corrfunc/utils.py:918: UserWarning: One or more input array has non-native endianness!  A copy will be made with the correct endianness.
  warnings.warn("One or more input array has non-native endianness!  A copy will"\
/home/groups/tabel/mahlet/quaia-env/lib/python3.10/site-packages/Corrfunc/utils.py:918: UserWarning: One or more input array has non-native endianness!  A copy will be made with the correct endianness.
  warnings.warn("One or more input array has non-native endianness!  A copy will"\
/home/groups/tabel/mahlet/quaia-env/lib/python3.10/site-packages/Corrfunc/utils.py:918: UserWarning: One or more input array has non-native endianness!  A copy will be made with the correct endianness.
  warnings.warn("One or more input array has non-native endianness!  A copy will"\
/home/groups/tabel/mahlet/quaia-env/lib/python3.10/site-packages/Corrfunc/utils.py:918: UserWarning: One or more input array has non-native endianness!  A copy will be made with the correct endianness.
  warnings.warn("One or more input array has non-native endianness!  A copy will"\
/home/groups/tabel/mahlet/quaia-env/lib/python3.10/site-packages/Corrfunc/utils.py:918: UserWarning: One or more input array has non-native endianness!  A copy will be made with the correct endianness.
  warnings.warn("One or more input array has non-native endianness!  A copy will"\
/home/groups/tabel/mahlet/quaia-env/lib/python3.10/site-packages/Corrfunc/utils.py:918: UserWarning: One or more input array has non-native endianness!  A copy will be made with the correct endianness.
  warnings.warn("One or more input array has non-native endianness!  A copy will"\
/home/groups/tabel/mahlet/quaia-env/lib/python3.10/site-packages/Corrfunc/utils.py:918: UserWarning: One or more input array has non-native endianness!  A copy will be made with the correct endianness.
  warnings.warn("One or more input array has non-native endianness!  A copy will"\
/home/groups/tabel/mahlet/quaia-env/lib/python3.10/site-packages/Corrfunc/utils.py:918: UserWarning: One or more input array has non-native endianness!  A copy will be made with the correct endianness.
  warnings.warn("One or more input array has non-native endianness!  A copy will"\
/home/groups/tabel/mahlet/quaia-env/lib/python3.10/site-packages/Corrfunc/utils.py:918: UserWarning: One or more input array has non-native endianness!  A copy will be made with the correct endianness.
  warnings.warn("One or more input array has non-native endianness!  A copy will"\
/home/groups/tabel/mahlet/quaia-env/lib/python3.10/site-packages/Corrfunc/utils.py:918: UserWarning: One or more input array has non-native endianness!  A copy will be made with the correct endianness.
  warnings.warn("One or more input array has non-native endianness!  A copy will"\
/home/groups/tabel/mahlet/quaia-env/lib/python3.10/site-packages/Corrfunc/utils.py:918: UserWarning: One or more input array has non-native endianness!  A copy will be made with the correct endianness.
  warnings.warn("One or more input array has non-native endianness!  A copy will"\
/home/groups/tabel/mahlet/quaia-env/lib/python3.10/site-packages/Corrfunc/utils.py:918: UserWarning: One or more input array has non-native endianness!  A copy will be made with the correct endianness.
  warnings.warn("One or more input array has non-native endianness!  A copy will"\
/home/groups/tabel/mahlet/quaia-env/lib/python3.10/site-packages/Corrfunc/utils.py:918: UserWarning: One or more input array has non-native endianness!  A copy will be made with the correct endianness.
  warnings.warn("One or more input array has non-native endianness!  A copy will"\
/home/groups/tabel/mahlet/quaia-env/lib/python3.10/site-packages/Corrfunc/utils.py:918: UserWarning: One or more input array has non-native endianness!  A copy will be made with the correct endianness.
  warnings.warn("One or more input array has non-native endianness!  A copy will"\
/home/groups/tabel/mahlet/quaia-env/lib/python3.10/site-packages/Corrfunc/utils.py:918: UserWarning: One or more input array has non-native endianness!  A copy will be made with the correct endianness.
  warnings.warn("One or more input array has non-native endianness!  A copy will"\
/home/groups/tabel/mahlet/quaia-env/lib/python3.10/site-packages/Corrfunc/utils.py:918: UserWarning: One or more input array has non-native endianness!  A copy will be made with the correct endianness.
  warnings.warn("One or more input array has non-native endianness!  A copy will"\
/home/groups/tabel/mahlet/quaia-env/lib/python3.10/site-packages/Corrfunc/utils.py:918: UserWarning: One or more input array has non-native endianness!  A copy will be made with the correct endianness.
  warnings.warn("One or more input array has non-native endianness!  A copy will"\
/home/groups/tabel/mahlet/quaia-env/lib/python3.10/site-packages/Corrfunc/utils.py:918: UserWarning: One or more input array has non-native endianness!  A copy will be made with the correct endianness.
  warnings.warn("One or more input array has non-native endianness!  A copy will"\
/home/groups/tabel/mahlet/quaia-env/lib/python3.10/site-packages/Corrfunc/utils.py:918: UserWarning: One or more input array has non-native endianness!  A copy will be made with the correct endianness.
  warnings.warn("One or more input array has non-native endianness!  A copy will"\
/home/groups/tabel/mahlet/quaia-env/lib/python3.10/site-packages/Corrfunc/utils.py:918: UserWarning: One or more input array has non-native endianness!  A copy will be made with the correct endianness.
  warnings.warn("One or more input array has non-native endianness!  A copy will"\
/home/groups/tabel/mahlet/quaia-env/lib/python3.10/site-packages/Corrfunc/utils.py:918: UserWarning: One or more input array has non-native endianness!  A copy will be made with the correct endianness.
  warnings.warn("One or more input array has non-native endianness!  A copy will"\
/home/groups/tabel/mahlet/quaia-env/lib/python3.10/site-packages/Corrfunc/utils.py:918: UserWarning: One or more input array has non-native endianness!  A copy will be made with the correct endianness.
  warnings.warn("One or more input array has non-native endianness!  A copy will"\
/home/groups/tabel/mahlet/quaia-env/lib/python3.10/site-packages/Corrfunc/utils.py:918: UserWarning: One or more input array has non-native endianness!  A copy will be made with the correct endianness.
  warnings.warn("One or more input array has non-native endianness!  A copy will"\
/home/groups/tabel/mahlet/quaia-env/lib/python3.10/site-packages/Corrfunc/utils.py:918: UserWarning: One or more input array has non-native endianness!  A copy will be made with the correct endianness.
  warnings.warn("One or more input array has non-native endianness!  A copy will"\
/home/groups/tabel/mahlet/quaia-env/lib/python3.10/site-packages/Corrfunc/utils.py:918: UserWarning: One or more input array has non-native endianness!  A copy will be made with the correct endianness.
  warnings.warn("One or more input array has non-native endianness!  A copy will"\
/home/groups/tabel/mahlet/quaia-env/lib/python3.10/site-packages/Corrfunc/utils.py:918: UserWarning: One or more input array has non-native endianness!  A copy will be made with the correct endianness.
  warnings.warn("One or more input array has non-native endianness!  A copy will"\
/home/groups/tabel/mahlet/quaia-env/lib/python3.10/site-packages/Corrfunc/utils.py:918: UserWarning: One or more input array has non-native endianness!  A copy will be made with the correct endianness.
  warnings.warn("One or more input array has non-native endianness!  A copy will"\
/home/groups/tabel/mahlet/quaia-env/lib/python3.10/site-packages/Corrfunc/utils.py:918: UserWarning: One or more input array has non-native endianness!  A copy will be made with the correct endianness.
  warnings.warn("One or more input array has non-native endianness!  A copy will"\
/home/groups/tabel/mahlet/quaia-env/lib/python3.10/site-packages/Corrfunc/utils.py:918: UserWarning: One or more input array has non-native endianness!  A copy will be made with the correct endianness.
  warnings.warn("One or more input array has non-native endianness!  A copy will"\
/home/groups/tabel/mahlet/quaia-env/lib/python3.10/site-packages/Corrfunc/utils.py:918: UserWarning: One or more input array has non-native endianness!  A copy will be made with the correct endianness.
  warnings.warn("One or more input array has non-native endianness!  A copy will"\
/home/groups/tabel/mahlet/quaia-env/lib/python3.10/site-packages/Corrfunc/utils.py:918: UserWarning: One or more input array has non-native endianness!  A copy will be made with the correct endianness.
  warnings.warn("One or more input array has non-native endianness!  A copy will"\
/home/groups/tabel/mahlet/quaia-env/lib/python3.10/site-packages/Corrfunc/utils.py:918: UserWarning: One or more input array has non-native endianness!  A copy will be made with the correct endianness.
  warnings.warn("One or more input array has non-native endianness!  A copy will"\
/home/groups/tabel/mahlet/quaia-env/lib/python3.10/site-packages/Corrfunc/utils.py:918: UserWarning: One or more input array has non-native endianness!  A copy will be made with the correct endianness.
  warnings.warn("One or more input array has non-native endianness!  A copy will"\
/home/groups/tabel/mahlet/quaia-env/lib/python3.10/site-packages/Corrfunc/utils.py:918: UserWarning: One or more input array has non-native endianness!  A copy will be made with the correct endianness.
  warnings.warn("One or more input array has non-native endianness!  A copy will"\
/home/groups/tabel/mahlet/quaia-env/lib/python3.10/site-packages/Corrfunc/utils.py:918: UserWarning: One or more input array has non-native endianness!  A copy will be made with the correct endianness.
  warnings.warn("One or more input array has non-native endianness!  A copy will"\
/home/groups/tabel/mahlet/quaia-env/lib/python3.10/site-packages/Corrfunc/utils.py:918: UserWarning: One or more input array has non-native endianness!  A copy will be made with the correct endianness.
  warnings.warn("One or more input array has non-native endianness!  A copy will"\
/home/groups/tabel/mahlet/quaia-env/lib/python3.10/site-packages/Corrfunc/utils.py:918: UserWarning: One or more input array has non-native endianness!  A copy will be made with the correct endianness.
  warnings.warn("One or more input array has non-native endianness!  A copy will"\
/home/groups/tabel/mahlet/quaia-env/lib/python3.10/site-packages/Corrfunc/utils.py:918: UserWarning: One or more input array has non-native endianness!  A copy will be made with the correct endianness.
  warnings.warn("One or more input array has non-native endianness!  A copy will"\
/home/groups/tabel/mahlet/quaia-env/lib/python3.10/site-packages/Corrfunc/utils.py:918: UserWarning: One or more input array has non-native endianness!  A copy will be made with the correct endianness.
  warnings.warn("One or more input array has non-native endianness!  A copy will"\
/home/groups/tabel/mahlet/quaia-env/lib/python3.10/site-packages/Corrfunc/utils.py:918: UserWarning: One or more input array has non-native endianness!  A copy will be made with the correct endianness.
  warnings.warn("One or more input array has non-native endianness!  A copy will"\
/home/groups/tabel/mahlet/quaia-env/lib/python3.10/site-packages/Corrfunc/utils.py:918: UserWarning: One or more input array has non-native endianness!  A copy will be made with the correct endianness.
  warnings.warn("One or more input array has non-native endianness!  A copy will"\
/home/groups/tabel/mahlet/quaia-env/lib/python3.10/site-packages/Corrfunc/utils.py:918: UserWarning: One or more input array has non-native endianness!  A copy will be made with the correct endianness.
  warnings.warn("One or more input array has non-native endianness!  A copy will"\
/home/groups/tabel/mahlet/quaia-env/lib/python3.10/site-packages/Corrfunc/utils.py:918: UserWarning: One or more input array has non-native endianness!  A copy will be made with the correct endianness.
  warnings.warn("One or more input array has non-native endianness!  A copy will"\
/home/groups/tabel/mahlet/quaia-env/lib/python3.10/site-packages/Corrfunc/utils.py:918: UserWarning: One or more input array has non-native endianness!  A copy will be made with the correct endianness.
  warnings.warn("One or more input array has non-native endianness!  A copy will"\
/home/groups/tabel/mahlet/quaia-env/lib/python3.10/site-packages/Corrfunc/utils.py:918: UserWarning: One or more input array has non-native endianness!  A copy will be made with the correct endianness.
  warnings.warn("One or more input array has non-native endianness!  A copy will"\
/home/groups/tabel/mahlet/quaia-env/lib/python3.10/site-packages/Corrfunc/utils.py:918: UserWarning: One or more input array has non-native endianness!  A copy will be made with the correct endianness.
  warnings.warn("One or more input array has non-native endianness!  A copy will"\
/home/groups/tabel/mahlet/quaia-env/lib/python3.10/site-packages/Corrfunc/utils.py:918: UserWarning: One or more input array has non-native endianness!  A copy will be made with the correct endianness.
  warnings.warn("One or more input array has non-native endianness!  A copy will"\
/home/groups/tabel/mahlet/quaia-env/lib/python3.10/site-packages/Corrfunc/utils.py:918: UserWarning: One or more input array has non-native endianness!  A copy will be made with the correct endianness.
  warnings.warn("One or more input array has non-native endianness!  A copy will"\
/home/groups/tabel/mahlet/quaia-env/lib/python3.10/site-packages/Corrfunc/utils.py:918: UserWarning: One or more input array has non-native endianness!  A copy will be made with the correct endianness.
  warnings.warn("One or more input array has non-native endianness!  A copy will"\
/home/groups/tabel/mahlet/quaia-env/lib/python3.10/site-packages/Corrfunc/utils.py:918: UserWarning: One or more input array has non-native endianness!  A copy will be made with the correct endianness.
  warnings.warn("One or more input array has non-native endianness!  A copy will"\
/home/groups/tabel/mahlet/quaia-env/lib/python3.10/site-packages/Corrfunc/utils.py:918: UserWarning: One or more input array has non-native endianness!  A copy will be made with the correct endianness.
  warnings.warn("One or more input array has non-native endianness!  A copy will"\
/home/groups/tabel/mahlet/quaia-env/lib/python3.10/site-packages/Corrfunc/utils.py:918: UserWarning: One or more input array has non-native endianness!  A copy will be made with the correct endianness.
  warnings.warn("One or more input array has non-native endianness!  A copy will"\
/home/groups/tabel/mahlet/quaia-env/lib/python3.10/site-packages/Corrfunc/utils.py:918: UserWarning: One or more input array has non-native endianness!  A copy will be made with the correct endianness.
  warnings.warn("One or more input array has non-native endianness!  A copy will"\
/home/groups/tabel/mahlet/quaia-env/lib/python3.10/site-packages/Corrfunc/utils.py:918: UserWarning: One or more input array has non-native endianness!  A copy will be made with the correct endianness.
  warnings.warn("One or more input array has non-native endianness!  A copy will"\
/home/groups/tabel/mahlet/quaia-env/lib/python3.10/site-packages/Corrfunc/utils.py:918: UserWarning: One or more input array has non-native endianness!  A copy will be made with the correct endianness.
  warnings.warn("One or more input array has non-native endianness!  A copy will"\
/home/groups/tabel/mahlet/quaia-env/lib/python3.10/site-packages/Corrfunc/utils.py:918: UserWarning: One or more input array has non-native endianness!  A copy will be made with the correct endianness.
  warnings.warn("One or more input array has non-native endianness!  A copy will"\
/home/groups/tabel/mahlet/quaia-env/lib/python3.10/site-packages/Corrfunc/utils.py:918: UserWarning: One or more input array has non-native endianness!  A copy will be made with the correct endianness.
  warnings.warn("One or more input array has non-native endianness!  A copy will"\
/home/groups/tabel/mahlet/quaia-env/lib/python3.10/site-packages/Corrfunc/utils.py:918: UserWarning: One or more input array has non-native endianness!  A copy will be made with the correct endianness.
  warnings.warn("One or more input array has non-native endianness!  A copy will"\
/home/groups/tabel/mahlet/quaia-env/lib/python3.10/site-packages/Corrfunc/utils.py:918: UserWarning: One or more input array has non-native endianness!  A copy will be made with the correct endianness.
  warnings.warn("One or more input array has non-native endianness!  A copy will"\
/home/groups/tabel/mahlet/quaia-env/lib/python3.10/site-packages/Corrfunc/utils.py:918: UserWarning: One or more input array has non-native endianness!  A copy will be made with the correct endianness.
  warnings.warn("One or more input array has non-native endianness!  A copy will"\
/home/groups/tabel/mahlet/quaia-env/lib/python3.10/site-packages/Corrfunc/utils.py:918: UserWarning: One or more input array has non-native endianness!  A copy will be made with the correct endianness.
  warnings.warn("One or more input array has non-native endianness!  A copy will"\
/home/groups/tabel/mahlet/quaia-env/lib/python3.10/site-packages/Corrfunc/utils.py:918: UserWarning: One or more input array has non-native endianness!  A copy will be made with the correct endianness.
  warnings.warn("One or more input array has non-native endianness!  A copy will"\
/home/groups/tabel/mahlet/quaia-env/lib/python3.10/site-packages/Corrfunc/utils.py:918: UserWarning: One or more input array has non-native endianness!  A copy will be made with the correct endianness.
  warnings.warn("One or more input array has non-native endianness!  A copy will"\
/home/groups/tabel/mahlet/quaia-env/lib/python3.10/site-packages/Corrfunc/utils.py:918: UserWarning: One or more input array has non-native endianness!  A copy will be made with the correct endianness.
  warnings.warn("One or more input array has non-native endianness!  A copy will"\
/home/groups/tabel/mahlet/quaia-env/lib/python3.10/site-packages/Corrfunc/utils.py:918: UserWarning: One or more input array has non-native endianness!  A copy will be made with the correct endianness.
  warnings.warn("One or more input array has non-native endianness!  A copy will"\
/home/groups/tabel/mahlet/quaia-env/lib/python3.10/site-packages/Corrfunc/utils.py:918: UserWarning: One or more input array has non-native endianness!  A copy will be made with the correct endianness.
  warnings.warn("One or more input array has non-native endianness!  A copy will"\
/home/groups/tabel/mahlet/quaia-env/lib/python3.10/site-packages/Corrfunc/utils.py:918: UserWarning: One or more input array has non-native endianness!  A copy will be made with the correct endianness.
  warnings.warn("One or more input array has non-native endianness!  A copy will"\
/home/groups/tabel/mahlet/quaia-env/lib/python3.10/site-packages/Corrfunc/utils.py:918: UserWarning: One or more input array has non-native endianness!  A copy will be made with the correct endianness.
  warnings.warn("One or more input array has non-native endianness!  A copy will"\
/home/groups/tabel/mahlet/quaia-env/lib/python3.10/site-packages/Corrfunc/utils.py:918: UserWarning: One or more input array has non-native endianness!  A copy will be made with the correct endianness.
  warnings.warn("One or more input array has non-native endianness!  A copy will"\
/home/groups/tabel/mahlet/quaia-env/lib/python3.10/site-packages/Corrfunc/utils.py:918: UserWarning: One or more input array has non-native endianness!  A copy will be made with the correct endianness.
  warnings.warn("One or more input array has non-native endianness!  A copy will"\
/home/groups/tabel/mahlet/quaia-env/lib/python3.10/site-packages/Corrfunc/utils.py:918: UserWarning: One or more input array has non-native endianness!  A copy will be made with the correct endianness.
  warnings.warn("One or more input array has non-native endianness!  A copy will"\
/home/groups/tabel/mahlet/quaia-env/lib/python3.10/site-packages/Corrfunc/utils.py:918: UserWarning: One or more input array has non-native endianness!  A copy will be made with the correct endianness.
  warnings.warn("One or more input array has non-native endianness!  A copy will"\
/home/groups/tabel/mahlet/quaia-env/lib/python3.10/site-packages/Corrfunc/utils.py:918: UserWarning: One or more input array has non-native endianness!  A copy will be made with the correct endianness.
  warnings.warn("One or more input array has non-native endianness!  A copy will"\
/home/groups/tabel/mahlet/quaia-env/lib/python3.10/site-packages/Corrfunc/utils.py:918: UserWarning: One or more input array has non-native endianness!  A copy will be made with the correct endianness.
  warnings.warn("One or more input array has non-native endianness!  A copy will"\
/home/groups/tabel/mahlet/quaia-env/lib/python3.10/site-packages/Corrfunc/utils.py:918: UserWarning: One or more input array has non-native endianness!  A copy will be made with the correct endianness.
  warnings.warn("One or more input array has non-native endianness!  A copy will"\
/home/groups/tabel/mahlet/quaia-env/lib/python3.10/site-packages/Corrfunc/utils.py:918: UserWarning: One or more input array has non-native endianness!  A copy will be made with the correct endianness.
  warnings.warn("One or more input array has non-native endianness!  A copy will"\
/home/groups/tabel/mahlet/quaia-env/lib/python3.10/site-packages/Corrfunc/utils.py:918: UserWarning: One or more input array has non-native endianness!  A copy will be made with the correct endianness.
  warnings.warn("One or more input array has non-native endianness!  A copy will"\
/home/groups/tabel/mahlet/quaia-env/lib/python3.10/site-packages/Corrfunc/utils.py:918: UserWarning: One or more input array has non-native endianness!  A copy will be made with the correct endianness.
  warnings.warn("One or more input array has non-native endianness!  A copy will"\
/home/groups/tabel/mahlet/quaia-env/lib/python3.10/site-packages/Corrfunc/utils.py:918: UserWarning: One or more input array has non-native endianness!  A copy will be made with the correct endianness.
  warnings.warn("One or more input array has non-native endianness!  A copy will"\
/home/groups/tabel/mahlet/quaia-env/lib/python3.10/site-packages/Corrfunc/utils.py:918: UserWarning: One or more input array has non-native endianness!  A copy will be made with the correct endianness.
  warnings.warn("One or more input array has non-native endianness!  A copy will"\
/home/groups/tabel/mahlet/quaia-env/lib/python3.10/site-packages/Corrfunc/utils.py:918: UserWarning: One or more input array has non-native endianness!  A copy will be made with the correct endianness.
  warnings.warn("One or more input array has non-native endianness!  A copy will"\
/home/groups/tabel/mahlet/quaia-env/lib/python3.10/site-packages/Corrfunc/utils.py:918: UserWarning: One or more input array has non-native endianness!  A copy will be made with the correct endianness.
  warnings.warn("One or more input array has non-native endianness!  A copy will"\
/home/groups/tabel/mahlet/quaia-env/lib/python3.10/site-packages/Corrfunc/utils.py:918: UserWarning: One or more input array has non-native endianness!  A copy will be made with the correct endianness.
  warnings.warn("One or more input array has non-native endianness!  A copy will"\
/home/groups/tabel/mahlet/quaia-env/lib/python3.10/site-packages/Corrfunc/utils.py:918: UserWarning: One or more input array has non-native endianness!  A copy will be made with the correct endianness.
  warnings.warn("One or more input array has non-native endianness!  A copy will"\
/home/groups/tabel/mahlet/quaia-env/lib/python3.10/site-packages/Corrfunc/utils.py:918: UserWarning: One or more input array has non-native endianness!  A copy will be made with the correct endianness.
  warnings.warn("One or more input array has non-native endianness!  A copy will"\
/home/groups/tabel/mahlet/quaia-env/lib/python3.10/site-packages/Corrfunc/utils.py:918: UserWarning: One or more input array has non-native endianness!  A copy will be made with the correct endianness.
  warnings.warn("One or more input array has non-native endianness!  A copy will"\
/home/groups/tabel/mahlet/quaia-env/lib/python3.10/site-packages/Corrfunc/utils.py:918: UserWarning: One or more input array has non-native endianness!  A copy will be made with the correct endianness.
  warnings.warn("One or more input array has non-native endianness!  A copy will"\
/home/groups/tabel/mahlet/quaia-env/lib/python3.10/site-packages/Corrfunc/utils.py:918: UserWarning: One or more input array has non-native endianness!  A copy will be made with the correct endianness.
  warnings.warn("One or more input array has non-native endianness!  A copy will"\
/home/groups/tabel/mahlet/quaia-env/lib/python3.10/site-packages/Corrfunc/utils.py:918: UserWarning: One or more input array has non-native endianness!  A copy will be made with the correct endianness.
  warnings.warn("One or more input array has non-native endianness!  A copy will"\
/home/groups/tabel/mahlet/quaia-env/lib/python3.10/site-packages/Corrfunc/utils.py:918: UserWarning: One or more input array has non-native endianness!  A copy will be made with the correct endianness.
  warnings.warn("One or more input array has non-native endianness!  A copy will"\
/home/groups/tabel/mahlet/quaia-env/lib/python3.10/site-packages/Corrfunc/utils.py:918: UserWarning: One or more input array has non-native endianness!  A copy will be made with the correct endianness.
  warnings.warn("One or more input array has non-native endianness!  A copy will"\
/home/groups/tabel/mahlet/quaia-env/lib/python3.10/site-packages/Corrfunc/utils.py:918: UserWarning: One or more input array has non-native endianness!  A copy will be made with the correct endianness.
  warnings.warn("One or more input array has non-native endianness!  A copy will"\
/home/groups/tabel/mahlet/quaia-env/lib/python3.10/site-packages/Corrfunc/utils.py:918: UserWarning: One or more input array has non-native endianness!  A copy will be made with the correct endianness.
  warnings.warn("One or more input array has non-native endianness!  A copy will"\
/home/groups/tabel/mahlet/quaia-env/lib/python3.10/site-packages/Corrfunc/utils.py:918: UserWarning: One or more input array has non-native endianness!  A copy will be made with the correct endianness.
  warnings.warn("One or more input array has non-native endianness!  A copy will"\
/home/groups/tabel/mahlet/quaia-env/lib/python3.10/site-packages/Corrfunc/utils.py:918: UserWarning: One or more input array has non-native endianness!  A copy will be made with the correct endianness.
  warnings.warn("One or more input array has non-native endianness!  A copy will"\
/home/groups/tabel/mahlet/quaia-env/lib/python3.10/site-packages/Corrfunc/utils.py:918: UserWarning: One or more input array has non-native endianness!  A copy will be made with the correct endianness.
  warnings.warn("One or more input array has non-native endianness!  A copy will"\
/home/groups/tabel/mahlet/quaia-env/lib/python3.10/site-packages/Corrfunc/utils.py:918: UserWarning: One or more input array has non-native endianness!  A copy will be made with the correct endianness.
  warnings.warn("One or more input array has non-native endianness!  A copy will"\
/home/groups/tabel/mahlet/quaia-env/lib/python3.10/site-packages/Corrfunc/utils.py:918: UserWarning: One or more input array has non-native endianness!  A copy will be made with the correct endianness.
  warnings.warn("One or more input array has non-native endianness!  A copy will"\
/home/groups/tabel/mahlet/quaia-env/lib/python3.10/site-packages/Corrfunc/utils.py:918: UserWarning: One or more input array has non-native endianness!  A copy will be made with the correct endianness.
  warnings.warn("One or more input array has non-native endianness!  A copy will"\
/home/groups/tabel/mahlet/quaia-env/lib/python3.10/site-packages/Corrfunc/utils.py:918: UserWarning: One or more input array has non-native endianness!  A copy will be made with the correct endianness.
  warnings.warn("One or more input array has non-native endianness!  A copy will"\
/home/groups/tabel/mahlet/quaia-env/lib/python3.10/site-packages/Corrfunc/utils.py:918: UserWarning: One or more input array has non-native endianness!  A copy will be made with the correct endianness.
  warnings.warn("One or more input array has non-native endianness!  A copy will"\
/home/groups/tabel/mahlet/quaia-env/lib/python3.10/site-packages/Corrfunc/utils.py:918: UserWarning: One or more input array has non-native endianness!  A copy will be made with the correct endianness.
  warnings.warn("One or more input array has non-native endianness!  A copy will"\
/home/groups/tabel/mahlet/quaia-env/lib/python3.10/site-packages/Corrfunc/utils.py:918: UserWarning: One or more input array has non-native endianness!  A copy will be made with the correct endianness.
  warnings.warn("One or more input array has non-native endianness!  A copy will"\
/home/groups/tabel/mahlet/quaia-env/lib/python3.10/site-packages/Corrfunc/utils.py:918: UserWarning: One or more input array has non-native endianness!  A copy will be made with the correct endianness.
  warnings.warn("One or more input array has non-native endianness!  A copy will"\
/home/groups/tabel/mahlet/quaia-env/lib/python3.10/site-packages/Corrfunc/utils.py:918: UserWarning: One or more input array has non-native endianness!  A copy will be made with the correct endianness.
  warnings.warn("One or more input array has non-native endianness!  A copy will"\
/home/groups/tabel/mahlet/quaia-env/lib/python3.10/site-packages/Corrfunc/utils.py:918: UserWarning: One or more input array has non-native endianness!  A copy will be made with the correct endianness.
  warnings.warn("One or more input array has non-native endianness!  A copy will"\
/home/groups/tabel/mahlet/quaia-env/lib/python3.10/site-packages/Corrfunc/utils.py:918: UserWarning: One or more input array has non-native endianness!  A copy will be made with the correct endianness.
  warnings.warn("One or more input array has non-native endianness!  A copy will"\
/home/groups/tabel/mahlet/quaia-env/lib/python3.10/site-packages/Corrfunc/utils.py:918: UserWarning: One or more input array has non-native endianness!  A copy will be made with the correct endianness.
  warnings.warn("One or more input array has non-native endianness!  A copy will"\
/home/groups/tabel/mahlet/quaia-env/lib/python3.10/site-packages/Corrfunc/utils.py:918: UserWarning: One or more input array has non-native endianness!  A copy will be made with the correct endianness.
  warnings.warn("One or more input array has non-native endianness!  A copy will"\
/home/groups/tabel/mahlet/quaia-env/lib/python3.10/site-packages/Corrfunc/utils.py:918: UserWarning: One or more input array has non-native endianness!  A copy will be made with the correct endianness.
  warnings.warn("One or more input array has non-native endianness!  A copy will"\
/home/groups/tabel/mahlet/quaia-env/lib/python3.10/site-packages/Corrfunc/utils.py:918: UserWarning: One or more input array has non-native endianness!  A copy will be made with the correct endianness.
  warnings.warn("One or more input array has non-native endianness!  A copy will"\
/home/groups/tabel/mahlet/quaia-env/lib/python3.10/site-packages/Corrfunc/utils.py:918: UserWarning: One or more input array has non-native endianness!  A copy will be made with the correct endianness.
  warnings.warn("One or more input array has non-native endianness!  A copy will"\
/home/groups/tabel/mahlet/quaia-env/lib/python3.10/site-packages/Corrfunc/utils.py:918: UserWarning: One or more input array has non-native endianness!  A copy will be made with the correct endianness.
  warnings.warn("One or more input array has non-native endianness!  A copy will"\
/home/groups/tabel/mahlet/quaia-env/lib/python3.10/site-packages/Corrfunc/utils.py:918: UserWarning: One or more input array has non-native endianness!  A copy will be made with the correct endianness.
  warnings.warn("One or more input array has non-native endianness!  A copy will"\
/home/groups/tabel/mahlet/quaia-env/lib/python3.10/site-packages/Corrfunc/utils.py:918: UserWarning: One or more input array has non-native endianness!  A copy will be made with the correct endianness.
  warnings.warn("One or more input array has non-native endianness!  A copy will"\
/home/groups/tabel/mahlet/quaia-env/lib/python3.10/site-packages/Corrfunc/utils.py:918: UserWarning: One or more input array has non-native endianness!  A copy will be made with the correct endianness.
  warnings.warn("One or more input array has non-native endianness!  A copy will"\
/home/groups/tabel/mahlet/quaia-env/lib/python3.10/site-packages/Corrfunc/utils.py:918: UserWarning: One or more input array has non-native endianness!  A copy will be made with the correct endianness.
  warnings.warn("One or more input array has non-native endianness!  A copy will"\
/home/groups/tabel/mahlet/quaia-env/lib/python3.10/site-packages/Corrfunc/utils.py:918: UserWarning: One or more input array has non-native endianness!  A copy will be made with the correct endianness.
  warnings.warn("One or more input array has non-native endianness!  A copy will"\
/home/groups/tabel/mahlet/quaia-env/lib/python3.10/site-packages/Corrfunc/utils.py:918: UserWarning: One or more input array has non-native endianness!  A copy will be made with the correct endianness.
  warnings.warn("One or more input array has non-native endianness!  A copy will"\
/home/groups/tabel/mahlet/quaia-env/lib/python3.10/site-packages/Corrfunc/utils.py:918: UserWarning: One or more input array has non-native endianness!  A copy will be made with the correct endianness.
  warnings.warn("One or more input array has non-native endianness!  A copy will"\
/home/groups/tabel/mahlet/quaia-env/lib/python3.10/site-packages/Corrfunc/utils.py:918: UserWarning: One or more input array has non-native endianness!  A copy will be made with the correct endianness.
  warnings.warn("One or more input array has non-native endianness!  A copy will"\
/home/groups/tabel/mahlet/quaia-env/lib/python3.10/site-packages/Corrfunc/utils.py:918: UserWarning: One or more input array has non-native endianness!  A copy will be made with the correct endianness.
  warnings.warn("One or more input array has non-native endianness!  A copy will"\
/home/groups/tabel/mahlet/quaia-env/lib/python3.10/site-packages/Corrfunc/utils.py:918: UserWarning: One or more input array has non-native endianness!  A copy will be made with the correct endianness.
  warnings.warn("One or more input array has non-native endianness!  A copy will"\
/home/groups/tabel/mahlet/quaia-env/lib/python3.10/site-packages/Corrfunc/utils.py:918: UserWarning: One or more input array has non-native endianness!  A copy will be made with the correct endianness.
  warnings.warn("One or more input array has non-native endianness!  A copy will"\
/home/groups/tabel/mahlet/quaia-env/lib/python3.10/site-packages/Corrfunc/utils.py:918: UserWarning: One or more input array has non-native endianness!  A copy will be made with the correct endianness.
  warnings.warn("One or more input array has non-native endianness!  A copy will"\
/home/groups/tabel/mahlet/quaia-env/lib/python3.10/site-packages/Corrfunc/utils.py:918: UserWarning: One or more input array has non-native endianness!  A copy will be made with the correct endianness.
  warnings.warn("One or more input array has non-native endianness!  A copy will"\
/home/groups/tabel/mahlet/quaia-env/lib/python3.10/site-packages/Corrfunc/utils.py:918: UserWarning: One or more input array has non-native endianness!  A copy will be made with the correct endianness.
  warnings.warn("One or more input array has non-native endianness!  A copy will"\
/home/groups/tabel/mahlet/quaia-env/lib/python3.10/site-packages/Corrfunc/utils.py:918: UserWarning: One or more input array has non-native endianness!  A copy will be made with the correct endianness.
  warnings.warn("One or more input array has non-native endianness!  A copy will"\
/home/groups/tabel/mahlet/quaia-env/lib/python3.10/site-packages/Corrfunc/utils.py:918: UserWarning: One or more input array has non-native endianness!  A copy will be made with the correct endianness.
  warnings.warn("One or more input array has non-native endianness!  A copy will"\
/home/groups/tabel/mahlet/quaia-env/lib/python3.10/site-packages/Corrfunc/utils.py:918: UserWarning: One or more input array has non-native endianness!  A copy will be made with the correct endianness.
  warnings.warn("One or more input array has non-native endianness!  A copy will"\
/home/groups/tabel/mahlet/quaia-env/lib/python3.10/site-packages/Corrfunc/utils.py:918: UserWarning: One or more input array has non-native endianness!  A copy will be made with the correct endianness.
  warnings.warn("One or more input array has non-native endianness!  A copy will"\
/home/groups/tabel/mahlet/quaia-env/lib/python3.10/site-packages/Corrfunc/utils.py:918: UserWarning: One or more input array has non-native endianness!  A copy will be made with the correct endianness.
  warnings.warn("One or more input array has non-native endianness!  A copy will"\
/home/groups/tabel/mahlet/quaia-env/lib/python3.10/site-packages/Corrfunc/utils.py:918: UserWarning: One or more input array has non-native endianness!  A copy will be made with the correct endianness.
  warnings.warn("One or more input array has non-native endianness!  A copy will"\
/home/groups/tabel/mahlet/quaia-env/lib/python3.10/site-packages/Corrfunc/utils.py:918: UserWarning: One or more input array has non-native endianness!  A copy will be made with the correct endianness.
  warnings.warn("One or more input array has non-native endianness!  A copy will"\
/home/groups/tabel/mahlet/quaia-env/lib/python3.10/site-packages/Corrfunc/utils.py:918: UserWarning: One or more input array has non-native endianness!  A copy will be made with the correct endianness.
  warnings.warn("One or more input array has non-native endianness!  A copy will"\
/home/groups/tabel/mahlet/quaia-env/lib/python3.10/site-packages/Corrfunc/utils.py:918: UserWarning: One or more input array has non-native endianness!  A copy will be made with the correct endianness.
  warnings.warn("One or more input array has non-native endianness!  A copy will"\
/home/groups/tabel/mahlet/quaia-env/lib/python3.10/site-packages/Corrfunc/utils.py:918: UserWarning: One or more input array has non-native endianness!  A copy will be made with the correct endianness.
  warnings.warn("One or more input array has non-native endianness!  A copy will"\
/home/groups/tabel/mahlet/quaia-env/lib/python3.10/site-packages/Corrfunc/utils.py:918: UserWarning: One or more input array has non-native endianness!  A copy will be made with the correct endianness.
  warnings.warn("One or more input array has non-native endianness!  A copy will"\
/home/groups/tabel/mahlet/quaia-env/lib/python3.10/site-packages/Corrfunc/utils.py:918: UserWarning: One or more input array has non-native endianness!  A copy will be made with the correct endianness.
  warnings.warn("One or more input array has non-native endianness!  A copy will"\
/home/groups/tabel/mahlet/quaia-env/lib/python3.10/site-packages/Corrfunc/utils.py:918: UserWarning: One or more input array has non-native endianness!  A copy will be made with the correct endianness.
  warnings.warn("One or more input array has non-native endianness!  A copy will"\
/home/groups/tabel/mahlet/quaia-env/lib/python3.10/site-packages/Corrfunc/utils.py:918: UserWarning: One or more input array has non-native endianness!  A copy will be made with the correct endianness.
  warnings.warn("One or more input array has non-native endianness!  A copy will"\
/home/groups/tabel/mahlet/quaia-env/lib/python3.10/site-packages/Corrfunc/utils.py:918: UserWarning: One or more input array has non-native endianness!  A copy will be made with the correct endianness.
  warnings.warn("One or more input array has non-native endianness!  A copy will"\
/home/groups/tabel/mahlet/quaia-env/lib/python3.10/site-packages/Corrfunc/utils.py:918: UserWarning: One or more input array has non-native endianness!  A copy will be made with the correct endianness.
  warnings.warn("One or more input array has non-native endianness!  A copy will"\
/home/groups/tabel/mahlet/quaia-env/lib/python3.10/site-packages/Corrfunc/utils.py:918: UserWarning: One or more input array has non-native endianness!  A copy will be made with the correct endianness.
  warnings.warn("One or more input array has non-native endianness!  A copy will"\
/home/groups/tabel/mahlet/quaia-env/lib/python3.10/site-packages/Corrfunc/utils.py:918: UserWarning: One or more input array has non-native endianness!  A copy will be made with the correct endianness.
  warnings.warn("One or more input array has non-native endianness!  A copy will"\
/home/groups/tabel/mahlet/quaia-env/lib/python3.10/site-packages/Corrfunc/utils.py:918: UserWarning: One or more input array has non-native endianness!  A copy will be made with the correct endianness.
  warnings.warn("One or more input array has non-native endianness!  A copy will"\
/home/groups/tabel/mahlet/quaia-env/lib/python3.10/site-packages/Corrfunc/utils.py:918: UserWarning: One or more input array has non-native endianness!  A copy will be made with the correct endianness.
  warnings.warn("One or more input array has non-native endianness!  A copy will"\
/home/groups/tabel/mahlet/quaia-env/lib/python3.10/site-packages/Corrfunc/utils.py:918: UserWarning: One or more input array has non-native endianness!  A copy will be made with the correct endianness.
  warnings.warn("One or more input array has non-native endianness!  A copy will"\
/home/groups/tabel/mahlet/quaia-env/lib/python3.10/site-packages/Corrfunc/utils.py:918: UserWarning: One or more input array has non-native endianness!  A copy will be made with the correct endianness.
  warnings.warn("One or more input array has non-native endianness!  A copy will"\
/home/groups/tabel/mahlet/quaia-env/lib/python3.10/site-packages/Corrfunc/utils.py:918: UserWarning: One or more input array has non-native endianness!  A copy will be made with the correct endianness.
  warnings.warn("One or more input array has non-native endianness!  A copy will"\
/home/groups/tabel/mahlet/quaia-env/lib/python3.10/site-packages/Corrfunc/utils.py:918: UserWarning: One or more input array has non-native endianness!  A copy will be made with the correct endianness.
  warnings.warn("One or more input array has non-native endianness!  A copy will"\
/home/groups/tabel/mahlet/quaia-env/lib/python3.10/site-packages/Corrfunc/utils.py:918: UserWarning: One or more input array has non-native endianness!  A copy will be made with the correct endianness.
  warnings.warn("One or more input array has non-native endianness!  A copy will"\
/home/groups/tabel/mahlet/quaia-env/lib/python3.10/site-packages/Corrfunc/utils.py:918: UserWarning: One or more input array has non-native endianness!  A copy will be made with the correct endianness.
  warnings.warn("One or more input array has non-native endianness!  A copy will"\
/home/groups/tabel/mahlet/quaia-env/lib/python3.10/site-packages/Corrfunc/utils.py:918: UserWarning: One or more input array has non-native endianness!  A copy will be made with the correct endianness.
  warnings.warn("One or more input array has non-native endianness!  A copy will"\
/home/groups/tabel/mahlet/quaia-env/lib/python3.10/site-packages/Corrfunc/utils.py:918: UserWarning: One or more input array has non-native endianness!  A copy will be made with the correct endianness.
  warnings.warn("One or more input array has non-native endianness!  A copy will"\
/home/groups/tabel/mahlet/quaia-env/lib/python3.10/site-packages/Corrfunc/utils.py:918: UserWarning: One or more input array has non-native endianness!  A copy will be made with the correct endianness.
  warnings.warn("One or more input array has non-native endianness!  A copy will"\
/home/groups/tabel/mahlet/quaia-env/lib/python3.10/site-packages/Corrfunc/utils.py:918: UserWarning: One or more input array has non-native endianness!  A copy will be made with the correct endianness.
  warnings.warn("One or more input array has non-native endianness!  A copy will"\
/home/groups/tabel/mahlet/quaia-env/lib/python3.10/site-packages/Corrfunc/utils.py:918: UserWarning: One or more input array has non-native endianness!  A copy will be made with the correct endianness.
  warnings.warn("One or more input array has non-native endianness!  A copy will"\
/home/groups/tabel/mahlet/quaia-env/lib/python3.10/site-packages/Corrfunc/utils.py:918: UserWarning: One or more input array has non-native endianness!  A copy will be made with the correct endianness.
  warnings.warn("One or more input array has non-native endianness!  A copy will"\
/home/groups/tabel/mahlet/quaia-env/lib/python3.10/site-packages/Corrfunc/utils.py:918: UserWarning: One or more input array has non-native endianness!  A copy will be made with the correct endianness.
  warnings.warn("One or more input array has non-native endianness!  A copy will"\
/home/groups/tabel/mahlet/quaia-env/lib/python3.10/site-packages/Corrfunc/utils.py:918: UserWarning: One or more input array has non-native endianness!  A copy will be made with the correct endianness.
  warnings.warn("One or more input array has non-native endianness!  A copy will"\
/home/groups/tabel/mahlet/quaia-env/lib/python3.10/site-packages/Corrfunc/utils.py:918: UserWarning: One or more input array has non-native endianness!  A copy will be made with the correct endianness.
  warnings.warn("One or more input array has non-native endianness!  A copy will"\
/home/groups/tabel/mahlet/quaia-env/lib/python3.10/site-packages/Corrfunc/utils.py:918: UserWarning: One or more input array has non-native endianness!  A copy will be made with the correct endianness.
  warnings.warn("One or more input array has non-native endianness!  A copy will"\
/home/groups/tabel/mahlet/quaia-env/lib/python3.10/site-packages/Corrfunc/utils.py:918: UserWarning: One or more input array has non-native endianness!  A copy will be made with the correct endianness.
  warnings.warn("One or more input array has non-native endianness!  A copy will"\
/home/groups/tabel/mahlet/quaia-env/lib/python3.10/site-packages/Corrfunc/utils.py:918: UserWarning: One or more input array has non-native endianness!  A copy will be made with the correct endianness.
  warnings.warn("One or more input array has non-native endianness!  A copy will"\
/home/groups/tabel/mahlet/quaia-env/lib/python3.10/site-packages/Corrfunc/utils.py:918: UserWarning: One or more input array has non-native endianness!  A copy will be made with the correct endianness.
  warnings.warn("One or more input array has non-native endianness!  A copy will"\
/home/groups/tabel/mahlet/quaia-env/lib/python3.10/site-packages/Corrfunc/utils.py:918: UserWarning: One or more input array has non-native endianness!  A copy will be made with the correct endianness.
  warnings.warn("One or more input array has non-native endianness!  A copy will"\
/home/groups/tabel/mahlet/quaia-env/lib/python3.10/site-packages/Corrfunc/utils.py:918: UserWarning: One or more input array has non-native endianness!  A copy will be made with the correct endianness.
  warnings.warn("One or more input array has non-native endianness!  A copy will"\
/home/groups/tabel/mahlet/quaia-env/lib/python3.10/site-packages/Corrfunc/utils.py:918: UserWarning: One or more input array has non-native endianness!  A copy will be made with the correct endianness.
  warnings.warn("One or more input array has non-native endianness!  A copy will"\
/home/groups/tabel/mahlet/quaia-env/lib/python3.10/site-packages/Corrfunc/utils.py:918: UserWarning: One or more input array has non-native endianness!  A copy will be made with the correct endianness.
  warnings.warn("One or more input array has non-native endianness!  A copy will"\
/home/groups/tabel/mahlet/quaia-env/lib/python3.10/site-packages/Corrfunc/utils.py:918: UserWarning: One or more input array has non-native endianness!  A copy will be made with the correct endianness.
  warnings.warn("One or more input array has non-native endianness!  A copy will"\
/home/groups/tabel/mahlet/quaia-env/lib/python3.10/site-packages/Corrfunc/utils.py:918: UserWarning: One or more input array has non-native endianness!  A copy will be made with the correct endianness.
  warnings.warn("One or more input array has non-native endianness!  A copy will"\
/home/groups/tabel/mahlet/quaia-env/lib/python3.10/site-packages/Corrfunc/utils.py:918: UserWarning: One or more input array has non-native endianness!  A copy will be made with the correct endianness.
  warnings.warn("One or more input array has non-native endianness!  A copy will"\
/home/groups/tabel/mahlet/quaia-env/lib/python3.10/site-packages/Corrfunc/utils.py:918: UserWarning: One or more input array has non-native endianness!  A copy will be made with the correct endianness.
  warnings.warn("One or more input array has non-native endianness!  A copy will"\
/home/groups/tabel/mahlet/quaia-env/lib/python3.10/site-packages/Corrfunc/utils.py:918: UserWarning: One or more input array has non-native endianness!  A copy will be made with the correct endianness.
  warnings.warn("One or more input array has non-native endianness!  A copy will"\
/home/groups/tabel/mahlet/quaia-env/lib/python3.10/site-packages/Corrfunc/utils.py:918: UserWarning: One or more input array has non-native endianness!  A copy will be made with the correct endianness.
  warnings.warn("One or more input array has non-native endianness!  A copy will"\
/home/groups/tabel/mahlet/quaia-env/lib/python3.10/site-packages/Corrfunc/utils.py:918: UserWarning: One or more input array has non-native endianness!  A copy will be made with the correct endianness.
  warnings.warn("One or more input array has non-native endianness!  A copy will"\
/home/groups/tabel/mahlet/quaia-env/lib/python3.10/site-packages/Corrfunc/utils.py:918: UserWarning: One or more input array has non-native endianness!  A copy will be made with the correct endianness.
  warnings.warn("One or more input array has non-native endianness!  A copy will"\
/home/groups/tabel/mahlet/quaia-env/lib/python3.10/site-packages/Corrfunc/utils.py:918: UserWarning: One or more input array has non-native endianness!  A copy will be made with the correct endianness.
  warnings.warn("One or more input array has non-native endianness!  A copy will"\
/home/groups/tabel/mahlet/quaia-env/lib/python3.10/site-packages/Corrfunc/utils.py:918: UserWarning: One or more input array has non-native endianness!  A copy will be made with the correct endianness.
  warnings.warn("One or more input array has non-native endianness!  A copy will"\
/home/groups/tabel/mahlet/quaia-env/lib/python3.10/site-packages/Corrfunc/utils.py:918: UserWarning: One or more input array has non-native endianness!  A copy will be made with the correct endianness.
  warnings.warn("One or more input array has non-native endianness!  A copy will"\
/home/groups/tabel/mahlet/quaia-env/lib/python3.10/site-packages/Corrfunc/utils.py:918: UserWarning: One or more input array has non-native endianness!  A copy will be made with the correct endianness.
  warnings.warn("One or more input array has non-native endianness!  A copy will"\
/home/groups/tabel/mahlet/quaia-env/lib/python3.10/site-packages/Corrfunc/utils.py:918: UserWarning: One or more input array has non-native endianness!  A copy will be made with the correct endianness.
  warnings.warn("One or more input array has non-native endianness!  A copy will"\
/home/groups/tabel/mahlet/quaia-env/lib/python3.10/site-packages/Corrfunc/utils.py:918: UserWarning: One or more input array has non-native endianness!  A copy will be made with the correct endianness.
  warnings.warn("One or more input array has non-native endianness!  A copy will"\
/home/groups/tabel/mahlet/quaia-env/lib/python3.10/site-packages/Corrfunc/utils.py:918: UserWarning: One or more input array has non-native endianness!  A copy will be made with the correct endianness.
  warnings.warn("One or more input array has non-native endianness!  A copy will"\
/home/groups/tabel/mahlet/quaia-env/lib/python3.10/site-packages/Corrfunc/utils.py:918: UserWarning: One or more input array has non-native endianness!  A copy will be made with the correct endianness.
  warnings.warn("One or more input array has non-native endianness!  A copy will"\
/home/groups/tabel/mahlet/quaia-env/lib/python3.10/site-packages/Corrfunc/utils.py:918: UserWarning: One or more input array has non-native endianness!  A copy will be made with the correct endianness.
  warnings.warn("One or more input array has non-native endianness!  A copy will"\
/home/groups/tabel/mahlet/quaia-env/lib/python3.10/site-packages/Corrfunc/utils.py:918: UserWarning: One or more input array has non-native endianness!  A copy will be made with the correct endianness.
  warnings.warn("One or more input array has non-native endianness!  A copy will"\
/home/groups/tabel/mahlet/quaia-env/lib/python3.10/site-packages/Corrfunc/utils.py:918: UserWarning: One or more input array has non-native endianness!  A copy will be made with the correct endianness.
  warnings.warn("One or more input array has non-native endianness!  A copy will"\
/home/groups/tabel/mahlet/quaia-env/lib/python3.10/site-packages/Corrfunc/utils.py:918: UserWarning: One or more input array has non-native endianness!  A copy will be made with the correct endianness.
  warnings.warn("One or more input array has non-native endianness!  A copy will"\
/home/groups/tabel/mahlet/quaia-env/lib/python3.10/site-packages/Corrfunc/utils.py:918: UserWarning: One or more input array has non-native endianness!  A copy will be made with the correct endianness.
  warnings.warn("One or more input array has non-native endianness!  A copy will"\
/home/groups/tabel/mahlet/quaia-env/lib/python3.10/site-packages/Corrfunc/utils.py:918: UserWarning: One or more input array has non-native endianness!  A copy will be made with the correct endianness.
  warnings.warn("One or more input array has non-native endianness!  A copy will"\
/home/groups/tabel/mahlet/quaia-env/lib/python3.10/site-packages/Corrfunc/utils.py:918: UserWarning: One or more input array has non-native endianness!  A copy will be made with the correct endianness.
  warnings.warn("One or more input array has non-native endianness!  A copy will"\
/home/groups/tabel/mahlet/quaia-env/lib/python3.10/site-packages/Corrfunc/utils.py:918: UserWarning: One or more input array has non-native endianness!  A copy will be made with the correct endianness.
  warnings.warn("One or more input array has non-native endianness!  A copy will"\
/home/groups/tabel/mahlet/quaia-env/lib/python3.10/site-packages/Corrfunc/utils.py:918: UserWarning: One or more input array has non-native endianness!  A copy will be made with the correct endianness.
  warnings.warn("One or more input array has non-native endianness!  A copy will"\
/home/groups/tabel/mahlet/quaia-env/lib/python3.10/site-packages/Corrfunc/utils.py:918: UserWarning: One or more input array has non-native endianness!  A copy will be made with the correct endianness.
  warnings.warn("One or more input array has non-native endianness!  A copy will"\
/home/groups/tabel/mahlet/quaia-env/lib/python3.10/site-packages/Corrfunc/utils.py:918: UserWarning: One or more input array has non-native endianness!  A copy will be made with the correct endianness.
  warnings.warn("One or more input array has non-native endianness!  A copy will"\
/home/groups/tabel/mahlet/quaia-env/lib/python3.10/site-packages/Corrfunc/utils.py:918: UserWarning: One or more input array has non-native endianness!  A copy will be made with the correct endianness.
  warnings.warn("One or more input array has non-native endianness!  A copy will"\
/home/groups/tabel/mahlet/quaia-env/lib/python3.10/site-packages/Corrfunc/utils.py:918: UserWarning: One or more input array has non-native endianness!  A copy will be made with the correct endianness.
  warnings.warn("One or more input array has non-native endianness!  A copy will"\
/home/groups/tabel/mahlet/quaia-env/lib/python3.10/site-packages/Corrfunc/utils.py:918: UserWarning: One or more input array has non-native endianness!  A copy will be made with the correct endianness.
  warnings.warn("One or more input array has non-native endianness!  A copy will"\
/home/groups/tabel/mahlet/quaia-env/lib/python3.10/site-packages/Corrfunc/utils.py:918: UserWarning: One or more input array has non-native endianness!  A copy will be made with the correct endianness.
  warnings.warn("One or more input array has non-native endianness!  A copy will"\
/home/groups/tabel/mahlet/quaia-env/lib/python3.10/site-packages/Corrfunc/utils.py:918: UserWarning: One or more input array has non-native endianness!  A copy will be made with the correct endianness.
  warnings.warn("One or more input array has non-native endianness!  A copy will"\
/home/groups/tabel/mahlet/quaia-env/lib/python3.10/site-packages/Corrfunc/utils.py:918: UserWarning: One or more input array has non-native endianness!  A copy will be made with the correct endianness.
  warnings.warn("One or more input array has non-native endianness!  A copy will"\
/home/groups/tabel/mahlet/quaia-env/lib/python3.10/site-packages/Corrfunc/utils.py:918: UserWarning: One or more input array has non-native endianness!  A copy will be made with the correct endianness.
  warnings.warn("One or more input array has non-native endianness!  A copy will"\
/home/groups/tabel/mahlet/quaia-env/lib/python3.10/site-packages/Corrfunc/utils.py:918: UserWarning: One or more input array has non-native endianness!  A copy will be made with the correct endianness.
  warnings.warn("One or more input array has non-native endianness!  A copy will"\
/home/groups/tabel/mahlet/quaia-env/lib/python3.10/site-packages/Corrfunc/utils.py:918: UserWarning: One or more input array has non-native endianness!  A copy will be made with the correct endianness.
  warnings.warn("One or more input array has non-native endianness!  A copy will"\
[  0.  50. 100.]
zbins: [0.07396391 1.44728857 4.54363288]
n_zbins: 2
zmin: 0.08396390830091038
zmax: 1.4472875589183094
[  0.  50. 100.]
zbins: [0.07396391 1.44728857 4.54363288]
n_zbins: 2
zmin: 1.4472895820036369
zmax: 4.533632882490153
[  0.  50. 100.]
zbins: [0.07388268 1.44738101 4.53937273]
n_zbins: 2
zmin: 0.08388268329357718
zmax: 1.4473799279426849
[  0.  50. 100.]
zbins: [0.07388268 1.44738101 4.53937273]
n_zbins: 2
zmin: 1.4473820863963915
zmax: 4.52937272737275
[  0.  50. 100.]
zbins: [0.07425471 1.44726849 4.54080893]
n_zbins: 2
zmin: 0.08425470610840737
zmax: 1.4472679537959792
[  0.  50. 100.]
zbins: [0.07425471 1.44726849 4.54080893]
n_zbins: 2
zmin: 1.4472690212710149
zmax: 4.53080892846263
[  0.  50. 100.]
zbins: [0.07412362 1.44759962 4.54408911]
n_zbins: 2
zmin: 0.08412362003853056
zmax: 1.4475992859932325
[  0.  50. 100.]
zbins: [0.07412362 1.44759962 4.54408911]
n_zbins: 2
zmin: 1.4475999592671203
zmax: 4.53408911320766
[  0.  50. 100.]
zbins: [0.07511271 1.44751979 4.52521912]
n_zbins: 2
zmin: 0.08511271320432669
zmax: 1.447519321795284
[  0.  50. 100.]
zbins: [0.07511271 1.44751979 4.52521912]
n_zbins: 2
zmin: 1.4475202482569798
zmax: 4.515219123443644
[  0.  50. 100.]
zbins: [0.07414913 1.4474062  4.53414633]
n_zbins: 2
zmin: 0.08414913012324082
zmax: 1.4474023729864365
[  0.  50. 100.]
zbins: [0.07414913 1.4474062  4.53414633]
n_zbins: 2
zmin: 1.4474100174505293
zmax: 4.524146334339016
[  0.  50. 100.]
zbins: [0.07431066 1.44737397 4.53340992]
n_zbins: 2
zmin: 0.08431066224188907
zmax: 1.447373376166865
[  0.  50. 100.]
zbins: [0.07431066 1.44737397 4.53340992]
n_zbins: 2
zmin: 1.4473745540138336
zmax: 4.523409923134315
[  0.  50. 100.]
zbins: [0.07464613 1.44729902 4.53107163]
n_zbins: 2
zmin: 0.08464612970150863
zmax: 1.4472981262592446
[  0.  50. 100.]
zbins: [0.07464613 1.44729902 4.53107163]
n_zbins: 2
zmin: 1.44729990612313
zmax: 4.52107163103507
[  0.  50. 100.]
zbins: [0.07440149 1.4473506  4.54482716]
n_zbins: 2
zmin: 0.0844014888251137
zmax: 1.4473495894179365
[  0.  50. 100.]
zbins: [0.07440149 1.4473506  4.54482716]
n_zbins: 2
zmin: 1.4473516020937902
zmax: 4.534827162307064
[  0.  50. 100.]
zbins: [0.07382174 1.44747146 4.53076872]
n_zbins: 2
zmin: 0.08382174171189377
zmax: 1.4474712371171496
[  0.  50. 100.]
zbins: [0.07382174 1.44747146 4.53076872]
n_zbins: 2
zmin: 1.4474716803798349
zmax: 4.520768719375218
[  0.  50. 100.]
zbins: [0.07417793 1.44739287 4.53223212]
n_zbins: 2
zmin: 0.08417792541731628
zmax: 1.4473926976354081
[  0.  50. 100.]
zbins: [0.07417793 1.44739287 4.53223212]
n_zbins: 2
zmin: 1.447393036308011
zmax: 4.522232121344298
[  0.  50. 100.]
zbins: [0.07413106 1.44746869 4.53219716]
n_zbins: 2
zmin: 0.08413106006598679
zmax: 1.4474684502222939
[  0.  50. 100.]
zbins: [0.07413106 1.44746869 4.53219716]
n_zbins: 2
zmin: 1.447468937176315
zmax: 4.522197159323417
[  0.  50. 100.]
zbins: [0.07398175 1.44738079 4.54170956]
n_zbins: 2
zmin: 0.08398174640948804
zmax: 1.4473775328220944
[  0.  50. 100.]
zbins: [0.07398175 1.44738079 4.54170956]
n_zbins: 2
zmin: 1.4473840455733518
zmax: 4.531709563310824
[  0.  50. 100.]
zbins: [0.07390837 1.44733369 4.5363521 ]
n_zbins: 2
zmin: 0.0839083687877096
zmax: 1.4473323725704366
[  0.  50. 100.]
zbins: [0.07390837 1.44733369 4.5363521 ]
n_zbins: 2
zmin: 1.4473350030885928
zmax: 4.5263520979077
[  0.  50. 100.]
zbins: [0.07433552 1.44734852 4.54098812]
n_zbins: 2
zmin: 0.08433551885791035
zmax: 1.447347440648199
[  0.  50. 100.]
zbins: [0.07433552 1.44734852 4.54098812]
n_zbins: 2
zmin: 1.4473496014675102
zmax: 4.530988119551955
[  0.  50. 100.]
zbins: [0.0739292  1.44739286 4.54490034]
n_zbins: 2
zmin: 0.08392920057063163
zmax: 1.4473926939769306
[  0.  50. 100.]
zbins: [0.0739292  1.44739286 4.54490034]
n_zbins: 2
zmin: 1.447393029474782
zmax: 4.534900337562867
[  0.  50. 100.]
zbins: [0.07443755 1.44750903 4.53079727]
n_zbins: 2
zmin: 0.08443755376179249
zmax: 1.4475086876599816
[  0.  50. 100.]
zbins: [0.07443755 1.44750903 4.53079727]
n_zbins: 2
zmin: 1.4475093799315588
zmax: 4.520797274033847
[  0.  50. 100.]
zbins: [0.07464338 1.44742191 4.52787696]
n_zbins: 2
zmin: 0.08464338470236542
zmax: 1.44742164996618
[  0.  50. 100.]
zbins: [0.07464338 1.44742191 4.52787696]
n_zbins: 2
zmin: 1.4474221791610187
zmax: 4.517876962118872
[  0.  50. 100.]
zbins: [0.07394722 1.44734333 4.54135474]
n_zbins: 2
zmin: 0.08394722271446783
zmax: 1.4473413292311592
[  0.  50. 100.]
zbins: [0.07394722 1.44734333 4.54135474]
n_zbins: 2
zmin: 1.447345323127699
zmax: 4.531354736535735
[  0.  50. 100.]
zbins: [0.07382473 1.44736071 4.52503479]
n_zbins: 2
zmin: 0.08382472963826965
zmax: 1.4473592409121865
[  0.  50. 100.]
zbins: [0.07382473 1.44736071 4.52503479]
n_zbins: 2
zmin: 1.4473621734581625
zmax: 4.515034787438747
[  0.  50. 100.]
zbins: [0.07528539 1.44740219 4.53584437]
n_zbins: 2
zmin: 0.08528538692534443
zmax: 1.4474011044049941
[  0.  50. 100.]
zbins: [0.07528539 1.44740219 4.53584437]
n_zbins: 2
zmin: 1.4474032716942886
zmax: 4.525844365806782
[  0.  50. 100.]
zbins: [0.0738909  1.44726611 4.52555323]
n_zbins: 2
zmin: 0.08389089981731192
zmax: 1.4472654982632378
[  0.  50. 100.]
zbins: [0.0738909  1.44726611 4.52555323]
n_zbins: 2
zmin: 1.4472667266528991
zmax: 4.515553234132633
[  0.  50. 100.]
zbins: [0.07420339 1.44745697 4.53763803]
n_zbins: 2
zmin: 0.08420338593461571
zmax: 1.447456855352911
[  0.  50. 100.]
zbins: [0.07420339 1.44745697 4.53763803]
n_zbins: 2
zmin: 1.4474570791840347
zmax: 4.527638028506438
[  0.  50. 100.]
zbins: [0.07418144 1.447383   4.54310916]
n_zbins: 2
zmin: 0.084181442556898
zmax: 1.4473821060553247
[  0.  50. 100.]
zbins: [0.07418144 1.447383   4.54310916]
n_zbins: 2
zmin: 1.4473838920712914
zmax: 4.533109157607131
[  0.  50. 100.]
zbins: [0.07433054 1.44746155 4.52841549]
n_zbins: 2
zmin: 0.08433054191580053
zmax: 1.4474595042723293
[  0.  50. 100.]
zbins: [0.07433054 1.44746155 4.52841549]
n_zbins: 2
zmin: 1.4474635912313243
zmax: 4.518415494768653
[  0.  50. 100.]
zbins: [0.0740772  1.44715728 4.54105996]
n_zbins: 2
zmin: 0.08407719680244832
zmax: 1.447157118970545
[  0.  50. 100.]
zbins: [0.0740772  1.44715728 4.54105996]
n_zbins: 2
zmin: 1.447157445558467
zmax: 4.531059964254203
[  0.  50. 100.]
zbins: [0.07393237 1.44750542 4.53338529]
n_zbins: 2
zmin: 0.08393236528504727
zmax: 1.4475053111607075
[  0.  50. 100.]
zbins: [0.07393237 1.44750542 4.53338529]
n_zbins: 2
zmin: 1.447505535487821
zmax: 4.523385294003814
[  0.  50. 100.]
zbins: [0.0739558  1.44735931 4.53474475]
n_zbins: 2
zmin: 0.08395580489304948
zmax: 1.4473563436308887
[  0.  50. 100.]
zbins: [0.0739558  1.44735931 4.53474475]
n_zbins: 2
zmin: 1.4473622663808876
zmax: 4.524744750436981
[  0.  50. 100.]
zbins: [0.0738121  1.44732563 4.52641558]
n_zbins: 2
zmin: 0.08381209752769744
zmax: 1.447323797207658
[  0.  50. 100.]
zbins: [0.0738121  1.44732563 4.52641558]
n_zbins: 2
zmin: 1.4473274658282553
zmax: 4.51641558380414
[  0.  50. 100.]
zbins: [0.07452717 1.44734049 4.54393631]
n_zbins: 2
zmin: 0.08452716973988836
zmax: 1.4473402675444687
[  0.  50. 100.]
zbins: [0.07452717 1.44734049 4.54393631]
n_zbins: 2
zmin: 1.4473407175574717
zmax: 4.533936310493508
[  0.  50. 100.]
zbins: [0.07424113 1.44736867 4.54318574]
n_zbins: 2
zmin: 0.08424112707781718
zmax: 1.4473681360509998
[  0.  50. 100.]
zbins: [0.07424113 1.44736867 4.54318574]
n_zbins: 2
zmin: 1.447369195479955
zmax: 4.533185741032564
[  0.  50. 100.]
zbins: [0.07447663 1.44730328 4.53744862]
n_zbins: 2
zmin: 0.08447663159900333
zmax: 1.447302383090852
[  0.  50. 100.]
zbins: [0.07447663 1.44730328 4.53744862]
n_zbins: 2
zmin: 1.4473041816141534
zmax: 4.5274486151592495
[  0.  50. 100.]
zbins: [0.07395373 1.4472195  4.54299102]
n_zbins: 2
zmin: 0.08395372647367053
zmax: 1.447218771029249
[  0.  50. 100.]
zbins: [0.07395373 1.4472195  4.54299102]
n_zbins: 2
zmin: 1.44722022158843
zmax: 4.532991015176809
[  0.  50. 100.]
zbins: [0.07412521 1.4471187  4.54051067]
n_zbins: 2
zmin: 0.08412520891158531
zmax: 1.4471178927690835
[  0.  50. 100.]
zbins: [0.07412521 1.4471187  4.54051067]
n_zbins: 2
zmin: 1.4471195100057432
zmax: 4.530510671819765
[  0.  50. 100.]
zbins: [0.07408347 1.44741541 4.53928948]
n_zbins: 2
zmin: 0.0840834662969101
zmax: 1.447414862186765
[  0.  50. 100.]
zbins: [0.07408347 1.44741541 4.53928948]
n_zbins: 2
zmin: 1.4474159641983007
zmax: 4.529289478991126
[  0.  50. 100.]
zbins: [0.07448244 1.44753395 4.53155463]
n_zbins: 2
zmin: 0.08448244323218956
zmax: 1.447532127519473
[  0.  50. 100.]
zbins: [0.07448244 1.44753395 4.53155463]
n_zbins: 2
zmin: 1.4475357644946567
zmax: 4.521554625359679
[  0.  50. 100.]
zbins: [0.07419753 1.44748992 4.5322208 ]
n_zbins: 2
zmin: 0.08419753007368638
zmax: 1.4474868566179921
[  0.  50. 100.]
zbins: [0.07419753 1.44748992 4.5322208 ]
n_zbins: 2
zmin: 1.4474929834855004
zmax: 4.522220797666848
[  0.  50. 100.]
zbins: [0.07397658 1.44738252 4.52847194]
n_zbins: 2
zmin: 0.08397657720023816
zmax: 1.4473798179309498
[  0.  50. 100.]
zbins: [0.07397658 1.44738252 4.52847194]
n_zbins: 2
zmin: 1.4473852204400965
zmax: 4.518471935622043
[  0.  50. 100.]
zbins: [0.07415539 1.44744513 4.52870722]
n_zbins: 2
zmin: 0.08415538618504212
zmax: 1.4474443427517907
[  0.  50. 100.]
zbins: [0.07415539 1.44744513 4.52870722]
n_zbins: 2
zmin: 1.4474459145926595
zmax: 4.518707219349725
[  0.  50. 100.]
zbins: [0.0744665  1.44743621 4.5286029 ]
n_zbins: 2
zmin: 0.08446650046267588
zmax: 1.447434991529127
[  0.  50. 100.]
zbins: [0.0744665  1.44743621 4.5286029 ]
n_zbins: 2
zmin: 1.4474374374096388
zmax: 4.518602896493178
[  0.  50. 100.]
zbins: [0.07395971 1.44742778 4.54482635]
n_zbins: 2
zmin: 0.08395970615785488
zmax: 1.4474276324419808
[  0.  50. 100.]
zbins: [0.07395971 1.44742778 4.54482635]
n_zbins: 2
zmin: 1.4474279240898726
zmax: 4.5348263515737095
[  0.  50. 100.]
zbins: [0.07387591 1.44723618 4.53965807]
n_zbins: 2
zmin: 0.08387591153899515
zmax: 1.4472358608095157
[  0.  50. 100.]
zbins: [0.07387591 1.44723618 4.53965807]
n_zbins: 2
zmin: 1.4472365080924838
zmax: 4.529658070643731
[  0.  50. 100.]
zbins: [0.07412394 1.44750388 4.53993649]
n_zbins: 2
zmin: 0.08412393779952893
zmax: 1.447503430412715
[  0.  50. 100.]
zbins: [0.07412394 1.44750388 4.53993649]
n_zbins: 2
zmin: 1.447504332038827
zmax: 4.529936491260035
[  0.  50. 100.]
zbins: [0.07479557 1.44748648 4.52688529]
n_zbins: 2
zmin: 0.08479557298810998
zmax: 1.4474855561498097
[  0.  50. 100.]
zbins: [0.07479557 1.44748648 4.52688529]
n_zbins: 2
zmin: 1.4474874100003836
zmax: 4.516885293626093
[  0.  50. 100.]
zbins: [0.07390489 1.44746581 4.52984661]
n_zbins: 2
zmin: 0.08390489033005429
zmax: 1.4474649723803545
[  0.  50. 100.]
zbins: [0.07390489 1.44746581 4.52984661]
n_zbins: 2
zmin: 1.4474666520674595
zmax: 4.5198466050495
[  0.  50. 100.]
zbins: [0.07398513 1.44727286 4.54660231]
n_zbins: 2
zmin: 0.08398512885325901
zmax: 1.4472719601298274
[  0.  50. 100.]
zbins: [0.07398513 1.44727286 4.54660231]
n_zbins: 2
zmin: 1.4472737669097917
zmax: 4.536602314988991
[  0.  50. 100.]
zbins: [0.07448937 1.44722726 4.54437945]
n_zbins: 2
zmin: 0.08448936896999376
zmax: 1.4472262159713343
[  0.  50. 100.]
zbins: [0.07448937 1.44722726 4.54437945]
n_zbins: 2
zmin: 1.447228311517053
zmax: 4.534379445482436
[  0.  50. 100.]
zbins: [0.07414853 1.44747957 4.53844359]
n_zbins: 2
zmin: 0.08414853180233567
zmax: 1.44747623191329
[  0.  50. 100.]
zbins: [0.07414853 1.44747957 4.53844359]
n_zbins: 2
zmin: 1.4474829043635802
zmax: 4.528443591857073
[  0.  50. 100.]
zbins: [0.07436102 1.44721884 4.52784934]
n_zbins: 2
zmin: 0.08436102263057517
zmax: 1.4472181932240809
[  0.  50. 100.]
zbins: [0.07436102 1.44721884 4.52784934]
n_zbins: 2
zmin: 1.44721949348566
zmax: 4.517849344908754
[  0.  50. 100.]
zbins: [0.07400321 1.44727657 4.54083984]
n_zbins: 2
zmin: 0.08400320589352171
zmax: 1.4472765269290577
[  0.  50. 100.]
zbins: [0.07400321 1.44727657 4.54083984]
n_zbins: 2
zmin: 1.4472766206019898
zmax: 4.530839837989056
[  0.  50. 100.]
zbins: [0.07396167 1.44735622 4.54405457]
n_zbins: 2
zmin: 0.08396166880095833
zmax: 1.4473549262802397
[  0.  50. 100.]
zbins: [0.07396167 1.44735622 4.54405457]
n_zbins: 2
zmin: 1.447357511304731
zmax: 4.534054573617888
[  0.  50. 100.]
zbins: [0.07438581 1.44739433 4.53294475]
n_zbins: 2
zmin: 0.08438581455694039
zmax: 1.4473941589238786
[  0.  50. 100.]
zbins: [0.07438581 1.44739433 4.53294475]
n_zbins: 2
zmin: 1.447394500283187
zmax: 4.5229447519703605
[  0.  50. 100.]
zbins: [0.07423824 1.44730722 4.54640272]
n_zbins: 2
zmin: 0.0842382353101217
zmax: 1.447306282698083
[  0.  50. 100.]
zbins: [0.07423824 1.44730722 4.54640272]
n_zbins: 2
zmin: 1.4473081486077541
zmax: 4.536402724559111
[  0.  50. 100.]
zbins: [0.07418519 1.44730296 4.54634345]
n_zbins: 2
zmin: 0.08418519149688944
zmax: 1.4473021268069075
[  0.  50. 100.]
zbins: [0.07418519 1.44730296 4.54634345]
n_zbins: 2
zmin: 1.4473037861272118
zmax: 4.5363434537269525
[  0.  50. 100.]
zbins: [0.07402438 1.44742301 4.54317981]
n_zbins: 2
zmin: 0.08402438110435753
zmax: 1.4474228836096423
[  0.  50. 100.]
zbins: [0.07402438 1.44742301 4.54317981]
n_zbins: 2
zmin: 1.4474231310723087
zmax: 4.533179812399105
[  0.  50. 100.]
zbins: [0.07384465 1.44739663 4.52830987]
n_zbins: 2
zmin: 0.0838446487210535
zmax: 1.4473947514534762
[  0.  50. 100.]
zbins: [0.07384465 1.44739663 4.52830987]
n_zbins: 2
zmin: 1.4473985142761314
zmax: 4.518309873301383
[  0.  50. 100.]
zbins: [0.07384364 1.44735254 4.53387817]
n_zbins: 2
zmin: 0.08384363897227898
zmax: 1.447352188887515
[  0.  50. 100.]
zbins: [0.07384364 1.44735254 4.53387817]
n_zbins: 2
zmin: 1.4473528905062705
zmax: 4.523878172750074
[  0.  50. 100.]
zbins: [0.07381703 1.44745854 4.52841855]
n_zbins: 2
zmin: 0.08381703041748048
zmax: 1.4474578981035005
[  0.  50. 100.]
zbins: [0.07381703 1.44745854 4.52841855]
n_zbins: 2
zmin: 1.4474591839795552
zmax: 4.518418552281205
[  0.  50. 100.]
zbins: [0.07400266 1.44736703 4.54679679]
n_zbins: 2
zmin: 0.08400265764587028
zmax: 1.447365899540648
[  0.  50. 100.]
zbins: [0.07400266 1.44736703 4.54679679]
n_zbins: 2
zmin: 1.4473681572950077
zmax: 4.536796787229028
[  0.  50. 100.]
zbins: [0.07416883 1.44728595 4.5286351 ]
n_zbins: 2
zmin: 0.08416883440688962
zmax: 1.4472847911988713
[  0.  50. 100.]
zbins: [0.07416883 1.44728595 4.5286351 ]
n_zbins: 2
zmin: 1.4472870988716546
zmax: 4.5186350981486605
[  0.  50. 100.]
zbins: [0.07395621 1.4474206  4.5422642 ]
n_zbins: 2
zmin: 0.0839562148817849
zmax: 1.4474199640316394
[  0.  50. 100.]
zbins: [0.07395621 1.4474206  4.5422642 ]
n_zbins: 2
zmin: 1.4474212424358728
zmax: 4.53226420034756
[  0.  50. 100.]
zbins: [0.07390978 1.44736898 4.53570009]
n_zbins: 2
zmin: 0.08390978077060433
zmax: 1.4473664434771736
[  0.  50. 100.]
zbins: [0.07390978 1.44736898 4.53570009]
n_zbins: 2
zmin: 1.4473715084442025
zmax: 4.525700093324038
[  0.  50. 100.]
zbins: [0.07421387 1.44731502 4.52560256]
n_zbins: 2
zmin: 0.08421387324064578
zmax: 1.4473150039343206
[  0.  50. 100.]
zbins: [0.07421387 1.44731502 4.52560256]
n_zbins: 2
zmin: 1.4473150356076585
zmax: 4.515602560317419
[  0.  50. 100.]
zbins: [0.07392469 1.44741954 4.54132777]
n_zbins: 2
zmin: 0.0839246905528334
zmax: 1.4474170787802114
[  0.  50. 100.]
zbins: [0.07392469 1.44741954 4.54132777]
n_zbins: 2
zmin: 1.4474220011425005
zmax: 4.5313277688463085
[  0.  50. 100.]
zbins: [0.07383524 1.44740908 4.53948829]
n_zbins: 2
zmin: 0.08383524377360804
zmax: 1.4474076547115533
[  0.  50. 100.]
zbins: [0.07383524 1.44740908 4.53948829]
n_zbins: 2
zmin: 1.4474105048947814
zmax: 4.529488286053647
[  0.  50. 100.]
zbins: [0.07462118 1.44724996 4.54053386]
n_zbins: 2
zmin: 0.0846211767482309
zmax: 1.4472488292767651
[  0.  50. 100.]
zbins: [0.07462118 1.44724996 4.54053386]
n_zbins: 2
zmin: 1.447251088284776
zmax: 4.5305338606679335
[  0.  50. 100.]
zbins: [0.07405108 1.44742957 4.53891437]
n_zbins: 2
zmin: 0.08405107993956283
zmax: 1.447429467563882
[  0.  50. 100.]
zbins: [0.07405108 1.44742957 4.53891437]
n_zbins: 2
zmin: 1.447429674851434
zmax: 4.528914374450153
[  0.  50. 100.]
zbins: [0.07444727 1.44728287 4.52810562]
n_zbins: 2
zmin: 0.08444727412718894
zmax: 1.4472828463979863
[  0.  50. 100.]
zbins: [0.07444727 1.44728287 4.52810562]
n_zbins: 2
zmin: 1.447282891492516
zmax: 4.518105615185584
[  0.  50. 100.]
zbins: [0.07415161 1.4474077  4.53044795]
n_zbins: 2
zmin: 0.08415161009954873
zmax: 1.447403705213357
[  0.  50. 100.]
zbins: [0.07415161 1.4474077  4.53044795]
n_zbins: 2
zmin: 1.4474116936583379
zmax: 4.520447945205092
[  0.  50. 100.]
zbins: [0.07394556 1.44751148 4.53203591]
n_zbins: 2
zmin: 0.08394555618168062
zmax: 1.4475109829074635
[  0.  50. 100.]
zbins: [0.07394556 1.44751148 4.53203591]
n_zbins: 2
zmin: 1.4475119716928788
zmax: 4.522035910729517
[  0.  50. 100.]
zbins: [0.07385119 1.44727118 4.5278363 ]
n_zbins: 2
zmin: 0.08385118828383842
zmax: 1.4472674792750644
[  0.  50. 100.]
zbins: [0.07385119 1.44727118 4.5278363 ]
n_zbins: 2
zmin: 1.4472748906839434
zmax: 4.517836295567772
[  0.  50. 100.]
zbins: [0.07450624 1.44728561 4.53754855]
n_zbins: 2
zmin: 0.08450623713378952
zmax: 1.4472822973000903
[  0.  50. 100.]
zbins: [0.07450624 1.44728561 4.53754855]
n_zbins: 2
zmin: 1.4472889248622387
zmax: 4.527548545438606
[  0.  50. 100.]
zbins: [0.07380453 1.4473987  4.53895273]
n_zbins: 2
zmin: 0.0838045277900844
zmax: 1.44739617914523
[  0.  50. 100.]
zbins: [0.07380453 1.4473987  4.53895273]
n_zbins: 2
zmin: 1.4474012125091709
zmax: 4.528952725735083
[  0.  50. 100.]
zbins: [0.07530202 1.44729551 4.53558538]
n_zbins: 2
zmin: 0.08530202224838704
zmax: 1.447295162176352
[  0.  50. 100.]
zbins: [0.07530202 1.44729551 4.53558538]
n_zbins: 2
zmin: 1.447295858428388
zmax: 4.525585380995262
[  0.  50. 100.]
zbins: [0.07444224 1.44743424 4.54642241]
n_zbins: 2
zmin: 0.08444224258296121
zmax: 1.4474314157145836
[  0.  50. 100.]
zbins: [0.07444224 1.44743424 4.54642241]
n_zbins: 2
zmin: 1.4474370664885383
zmax: 4.536422413783795
[  0.  50. 100.]
zbins: [0.07403343 1.44736687 4.53023269]
n_zbins: 2
zmin: 0.08403343245145133
zmax: 1.4473665688242003
[  0.  50. 100.]
zbins: [0.07403343 1.44736687 4.53023269]
n_zbins: 2
zmin: 1.4473671740286216
zmax: 4.520232690045622
[  0.  50. 100.]
zbins: [0.0739131  1.44734171 4.5257256 ]
n_zbins: 2
zmin: 0.0839131018013672
zmax: 1.4473414764142425
[  0.  50. 100.]
zbins: [0.0739131  1.44734171 4.5257256 ]
n_zbins: 2
zmin: 1.4473419449246956
zmax: 4.515725595695704
[  0.  50. 100.]
zbins: [0.07396255 1.44730545 4.53857228]
n_zbins: 2
zmin: 0.08396254788383944
zmax: 1.4473052767573447
[  0.  50. 100.]
zbins: [0.07396255 1.44730545 4.53857228]
n_zbins: 2
zmin: 1.4473056228754204
zmax: 4.5285722848222685
[  0.  50. 100.]
zbins: [0.07383454 1.44745649 4.52879326]
n_zbins: 2
zmin: 0.08383453676732125
zmax: 1.4474554646174616
[  0.  50. 100.]
zbins: [0.07383454 1.44745649 4.52879326]
n_zbins: 2
zmin: 1.4474575119131259
zmax: 4.51879325594399
[  0.  50. 100.]
zbins: [0.07454556 1.44738756 4.52644708]
n_zbins: 2
zmin: 0.08454555685443589
zmax: 1.4473854268345043
[  0.  50. 100.]
zbins: [0.07454556 1.44738756 4.52644708]
n_zbins: 2
zmin: 1.4473896963021402
zmax: 4.51644708242718
[  0.  50. 100.]
zbins: [0.0740227  1.44737624 4.53513064]
n_zbins: 2
zmin: 0.08402269664868169
zmax: 1.4473744167645641
[  0.  50. 100.]
zbins: [0.0740227  1.44737624 4.53513064]
n_zbins: 2
zmin: 1.447378061540139
zmax: 4.5251306426276345
[  0.  50. 100.]
zbins: [0.07384932 1.44732607 4.54381314]
n_zbins: 2
zmin: 0.083849321981851
zmax: 1.4473257495418168
[  0.  50. 100.]
zbins: [0.07384932 1.44732607 4.54381314]
n_zbins: 2
zmin: 1.4473263867558608
zmax: 4.53381313840055
[  0.  50. 100.]
zbins: [0.07411945 1.44736545 4.5333842 ]
n_zbins: 2
zmin: 0.08411945236952656
zmax: 1.4473627580204955
[  0.  50. 100.]
zbins: [0.07411945 1.44736545 4.5333842 ]
n_zbins: 2
zmin: 1.4473681508345166
zmax: 4.5233842045178365
[  0.  50. 100.]
zbins: [0.07404966 1.44741362 4.54061957]
n_zbins: 2
zmin: 0.08404965695280336
zmax: 1.4474134713522766
[  0.  50. 100.]
zbins: [0.07404966 1.44741362 4.54061957]
n_zbins: 2
zmin: 1.4474137757138987
zmax: 4.530619565826338
[  0.  50. 100.]
zbins: [0.07387453 1.44730466 4.54419759]
n_zbins: 2
zmin: 0.08387452609697929
zmax: 1.4473045586909483
[  0.  50. 100.]
zbins: [0.07387453 1.44730466 4.54419759]
n_zbins: 2
zmin: 1.4473047521338214
zmax: 4.534197586808235
[  0.  50. 100.]
zbins: [0.07475105 1.44740143 4.53096197]
n_zbins: 2
zmin: 0.08475104524065137
zmax: 1.4474009537104984
[  0.  50. 100.]
zbins: [0.07475105 1.44740143 4.53096197]
n_zbins: 2
zmin: 1.4474019154903377
zmax: 4.520961972567703
[  0.  50. 100.]
zbins: [0.07441267 1.44724289 4.53533126]
n_zbins: 2
zmin: 0.08441266958933479
zmax: 1.4472428614750346
[  0.  50. 100.]
zbins: [0.07441267 1.44724289 4.53533126]
n_zbins: 2
zmin: 1.4472429115085335
zmax: 4.525331264893028
[  0.  50. 100.]
zbins: [0.07403857 1.4471442  4.54231503]
n_zbins: 2
zmin: 0.08403857171931418
zmax: 1.4471432260447776
[  0.  50. 100.]
zbins: [0.07403857 1.4471442  4.54231503]
n_zbins: 2
zmin: 1.4471451731222773
zmax: 4.5323150269700525
[  0.  50. 100.]
zbins: [0.07413528 1.44731338 4.54424743]
n_zbins: 2
zmin: 0.08413527888684896
zmax: 1.4473131743808143
[  0.  50. 100.]
zbins: [0.07413528 1.44731338 4.54424743]
n_zbins: 2
zmin: 1.4473135842593756
zmax: 4.5342474337894725
[  0.  50. 100.]
zbins: [0.07391163 1.44734721 4.53305715]
n_zbins: 2
zmin: 0.08391163426044124
zmax: 1.4473464400109541
[  0.  50. 100.]
zbins: [0.07391163 1.44734721 4.53305715]
n_zbins: 2
zmin: 1.4473479706099488
zmax: 4.523057146846507
[  0.  50. 100.]
zbins: [0.07407527 1.44737963 4.54215509]
n_zbins: 2
zmin: 0.08407527225631822
zmax: 1.4473796101937813
[  0.  50. 100.]
zbins: [0.07407527 1.44737963 4.54215509]
n_zbins: 2
zmin: 1.4473796421296514
zmax: 4.532155088810959
[  0.  50. 100.]
zbins: [0.07389646 1.44730468 4.53396226]
n_zbins: 2
zmin: 0.08389645625043743
zmax: 1.447304538855233
[  0.  50. 100.]
zbins: [0.07389646 1.44730468 4.53396226]
n_zbins: 2
zmin: 1.4473048248130551
zmax: 4.523962259430115
[  0.  50. 100.]
zbins: [0.07407752 1.44728602 4.53541856]
n_zbins: 2
zmin: 0.08407751805235686
zmax: 1.447283843359018
[  0.  50. 100.]
zbins: [0.07407752 1.44728602 4.53541856]
n_zbins: 2
zmin: 1.4472882032214938
zmax: 4.525418562878698
[  0.  50. 100.]
zbins: [0.07392794 1.44746952 4.52967835]
n_zbins: 2
zmin: 0.08392793536062422
zmax: 1.447465155669238
[  0.  50. 100.]
zbins: [0.07392794 1.44746952 4.52967835]
n_zbins: 2
zmin: 1.4474738803031335
zmax: 4.519678350174816
[  0.  50. 100.]
zbins: [0.07390957 1.44739309 4.53284731]
n_zbins: 2
zmin: 0.08390957421647631
zmax: 1.4473926490697937
[  0.  50. 100.]
zbins: [0.07390957 1.44739309 4.53284731]
n_zbins: 2
zmin: 1.4473935285840829
zmax: 4.522847307258066
[  0.  50. 100.]
zbins: [0.07406178 1.44728678 4.53746069]
n_zbins: 2
zmin: 0.0840617776840232
zmax: 1.4472849877723066
[  0.  50. 100.]
zbins: [0.07406178 1.44728678 4.53746069]
n_zbins: 2
zmin: 1.4472885778494546
zmax: 4.5274606872983885
[  0.  50. 100.]
zbins: [0.07415323 1.44743341 4.54253351]
n_zbins: 2
zmin: 0.08415322828223212
zmax: 1.4474332715477036
[  0.  50. 100.]
zbins: [0.07415323 1.44743341 4.54253351]
n_zbins: 2
zmin: 1.447433545393773
zmax: 4.532533508225747
[  0.  50. 100.]
zbins: [0.07386162 1.44735816 4.54216372]
n_zbins: 2
zmin: 0.08386161739676519
zmax: 1.4473579339721383
[  0.  50. 100.]
zbins: [0.07386162 1.44735816 4.54216372]
n_zbins: 2
zmin: 1.4473583843211448
zmax: 4.532163717076697
[  0.  50. 100.]
zbins: [0.07383268 1.44739229 4.5457821 ]
n_zbins: 2
zmin: 0.08383267789567855
zmax: 1.4473918775576855
[  0.  50. 100.]
zbins: [0.07383268 1.44739229 4.5457821 ]
n_zbins: 2
zmin: 1.4473926976354081
zmax: 4.535782099535114
[  0.  50. 100.]
zbins: [0.07384085 1.44717894 4.52471971]
n_zbins: 2
zmin: 0.08384085092527889
zmax: 1.4471754045569654
[  0.  50. 100.]
zbins: [0.07384085 1.44717894 4.52471971]
n_zbins: 2
zmin: 1.4471824676207006
zmax: 4.514719705133622
[  0.  50. 100.]
zbins: [0.07435737 1.46977903 4.62394897]
n_zbins: 2
zmin: 0.08435737456907674
zmax: 1.4697788682505424
[  0.  50. 100.]
zbins: [0.07435737 1.46977903 4.62394897]
n_zbins: 2
zmin: 1.4697790335258174
zmax: 4.613948970145993
[  0.  50. 100.]
zbins: [0.07442047 1.46968909 4.62729435]
n_zbins: 2
zmin: 0.08442047183990625
zmax: 1.4696890447724404
[  0.  50. 100.]
zbins: [0.07442047 1.46968909 4.62729435]
n_zbins: 2
zmin: 1.4696890913816858
zmax: 4.617294347795384
[  0.  50. 100.]
zbins: [0.07402346 1.46983388 4.62871399]
n_zbins: 2
zmin: 0.08402345602742989
zmax: 1.4698296210519253
[  0.  50. 100.]
zbins: [0.07402346 1.46983388 4.62871399]
n_zbins: 2
zmin: 1.4698338822013832
zmax: 4.618713988643964
[  0.  50. 100.]
zbins: [0.07386877 1.46968489 4.63867516]
n_zbins: 2
zmin: 0.08386876739444735
zmax: 1.4696839950798113
[  0.  50. 100.]
zbins: [0.07386877 1.46968489 4.63867516]
n_zbins: 2
zmin: 1.4696848904054938
zmax: 4.628675155300457
[  0.  50. 100.]
zbins: [0.07447444 1.46978398 4.62395485]
n_zbins: 2
zmin: 0.0844744421040961
zmax: 1.4697820576768141
[  0.  50. 100.]
zbins: [0.07447444 1.46978398 4.62395485]
n_zbins: 2
zmin: 1.469783977078349
zmax: 4.613954849268925
[  0.  50. 100.]
zbins: [0.07419184 1.46971891 4.63639705]
n_zbins: 2
zmin: 0.08419183533306782
zmax: 1.4697188630704445
[  0.  50. 100.]
zbins: [0.07419184 1.46971891 4.63639705]
n_zbins: 2
zmin: 1.4697189058135074
zmax: 4.626397052095445
[  0.  50. 100.]
zbins: [0.07400858 1.46977158 4.62958104]
n_zbins: 2
zmin: 0.08400857910145579
zmax: 1.469770829040981
[  0.  50. 100.]
zbins: [0.07400858 1.46977158 4.62958104]
n_zbins: 2
zmin: 1.46977157503703
zmax: 4.6195810364598975
[  0.  50. 100.]
zbins: [0.07453286 1.46970435 4.62640455]
n_zbins: 2
zmin: 0.084532863988202
zmax: 1.4697033292758506
[  0.  50. 100.]
zbins: [0.07453286 1.46970435 4.62640455]
n_zbins: 2
zmin: 1.4697043541320678
zmax: 4.616404552912227
[  0.  50. 100.]
zbins: [0.07391051 1.4698153  4.63437262]
n_zbins: 2
zmin: 0.08391051100292839
zmax: 1.469814412362774
[  0.  50. 100.]
zbins: [0.07391051 1.4698153  4.63437262]
n_zbins: 2
zmin: 1.46981529652383
zmax: 4.624372619323067
[  0.  50. 100.]
zbins: [0.07420336 1.46974551 4.63116106]
n_zbins: 2
zmin: 0.08420336290085045
zmax: 1.4697447884615213
[  0.  50. 100.]
zbins: [0.07420336 1.46974551 4.63116106]
n_zbins: 2
zmin: 1.4697455112034221
zmax: 4.6211610623231705
[  0.  50. 100.]
zbins: [0.0739548  1.46966603 4.63644506]
n_zbins: 2
zmin: 0.08395479832485297
zmax: 1.4696648569173159
[  0.  50. 100.]
zbins: [0.0739548  1.46966603 4.63644506]
n_zbins: 2
zmin: 1.4696660332006557
zmax: 4.626445063144043
[  0.  50. 100.]
zbins: [0.07443897 1.46981405 4.62517884]
n_zbins: 2
zmin: 0.08443896842577545
zmax: 1.469813920717428
[  0.  50. 100.]
zbins: [0.07443897 1.46981405 4.62517884]
n_zbins: 2
zmin: 1.4698140488963043
zmax: 4.615178840832256
[  0.  50. 100.]
zbins: [0.07392552 1.46976378 4.62290652]
n_zbins: 2
zmin: 0.08392551633497226
zmax: 1.4697608975882965
[  0.  50. 100.]
zbins: [0.07392552 1.46976378 4.62290652]
n_zbins: 2
zmin: 1.4697637844401181
zmax: 4.61290651955757
[  0.  50. 100.]
zbins: [0.07424376 1.4697417  4.62885698]
n_zbins: 2
zmin: 0.0842437632214996
zmax: 1.4697411074502649
[  0.  50. 100.]
zbins: [0.07424376 1.4697417  4.62885698]
n_zbins: 2
zmin: 1.4697417029425472
zmax: 4.618856976313488
[  0.  50. 100.]
zbins: [0.07449359 1.46975586 4.63029341]
n_zbins: 2
zmin: 0.08449358705008625
zmax: 1.4697558030263889
[  0.  50. 100.]
zbins: [0.07449359 1.46975586 4.63029341]
n_zbins: 2
zmin: 1.469755864750239
zmax: 4.620293414610991
[  0.  50. 100.]
zbins: [0.07402267 1.46976927 4.62434781]
n_zbins: 2
zmin: 0.08402266505788081
zmax: 1.4697692454074065
[  0.  50. 100.]
zbins: [0.07402267 1.46976927 4.62434781]
n_zbins: 2
zmin: 1.4697692699566083
zmax: 4.614347812874866
[  0.  50. 100.]
zbins: [0.07382152 1.46992742 4.63013469]
n_zbins: 2
zmin: 0.08382151866219273
zmax: 1.469924173218631
[  0.  50. 100.]
zbins: [0.07382152 1.46992742 4.63013469]
n_zbins: 2
zmin: 1.4699274224240912
zmax: 4.620134685911224
[  0.  50. 100.]
zbins: [0.07390293 1.46978227 4.64490476]
n_zbins: 2
zmin: 0.08390293133206644
zmax: 1.4697790835133808
[  0.  50. 100.]
zbins: [0.07390293 1.46978227 4.64490476]
n_zbins: 2
zmin: 1.4697822677140175
zmax: 4.634904761799937
[  0.  50. 100.]
zbins: [0.07505057 1.46982662 4.63592655]
n_zbins: 2
zmin: 0.08505056680271594
zmax: 1.469826250162381
[  0.  50. 100.]
zbins: [0.07505057 1.46982662 4.63592655]
n_zbins: 2
zmin: 1.4698266201512502
zmax: 4.625926553586063
[  0.  50. 100.]
zbins: [0.0739046  1.46972871 4.63083634]
n_zbins: 2
zmin: 0.08390459946595277
zmax: 1.4697264871859184
[  0.  50. 100.]
zbins: [0.0739046  1.46972871 4.63083634]
n_zbins: 2
zmin: 1.46972870822715
zmax: 4.620836344740637
[  0.  50. 100.]
zbins: [0.07467799 1.46981286 4.62898952]
n_zbins: 2
zmin: 0.0846779903115246
zmax: 1.4698088642693887
[  0.  50. 100.]
zbins: [0.07467799 1.46981286 4.62898952]
n_zbins: 2
zmin: 1.4698128577118394
zmax: 4.618989524277978
[  0.  50. 100.]
zbins: [0.07418549 1.46975265 4.63405818]
n_zbins: 2
zmin: 0.08418549279924552
zmax: 1.4697525831671996
[  0.  50. 100.]
zbins: [0.07418549 1.46975265 4.63405818]
n_zbins: 2
zmin: 1.4697526515322896
zmax: 4.624058181977526
[  0.  50. 100.]
zbins: [0.07381604 1.46977263 4.63797847]
n_zbins: 2
zmin: 0.08381604378247265
zmax: 1.4697715510869283
[  0.  50. 100.]
zbins: [0.07381604 1.46977263 4.63797847]
n_zbins: 2
zmin: 1.4697726332463714
zmax: 4.627978465332264
[  0.  50. 100.]
zbins: [0.07491127 1.46970412 4.62376175]
n_zbins: 2
zmin: 0.08491127300239412
zmax: 1.4696998862023443
[  0.  50. 100.]
zbins: [0.07491127 1.46970412 4.62376175]
n_zbins: 2
zmin: 1.4697041172711856
zmax: 4.613761745763743
[  0.  50. 100.]
zbins: [0.07464709 1.46978349 4.63887482]
n_zbins: 2
zmin: 0.0846470902285007
zmax: 1.469783423543475
[  0.  50. 100.]
zbins: [0.07464709 1.46978349 4.63887482]
n_zbins: 2
zmin: 1.4697834927152982
zmax: 4.628874816968993
[  0.  50. 100.]
zbins: [0.07387587 1.46982297 4.62747108]
n_zbins: 2
zmin: 0.08387586781839766
zmax: 1.4698228820621815
[  0.  50. 100.]
zbins: [0.07387587 1.46982297 4.62747108]
n_zbins: 2
zmin: 1.4698229699841492
zmax: 4.617471079987397
[  0.  50. 100.]
zbins: [0.07393449 1.46974938 4.63896621]
n_zbins: 2
zmin: 0.0839344878707729
zmax: 1.4697487127793363
[  0.  50. 100.]
zbins: [0.07393449 1.46974938 4.63896621]
n_zbins: 2
zmin: 1.469749382683067
zmax: 4.628966206700321
[  0.  50. 100.]
zbins: [0.07380741 1.46979886 4.63595153]
n_zbins: 2
zmin: 0.08380741199648017
zmax: 1.4697986506158829
[  0.  50. 100.]
zbins: [0.07380741 1.46979886 4.63595153]
n_zbins: 2
zmin: 1.4697988606530863
zmax: 4.625951525502645
[  0.  50. 100.]
zbins: [0.07421716 1.46978912 4.6394743 ]
n_zbins: 2
zmin: 0.08421716323148878
zmax: 1.469787728681306
[  0.  50. 100.]
zbins: [0.07421716 1.46978912 4.6394743 ]
n_zbins: 2
zmin: 1.4697891186681107
zmax: 4.629474295758723
[  0.  50. 100.]
zbins: [0.07393358 1.46953272 4.62308368]
n_zbins: 2
zmin: 0.08393358237183074
zmax: 1.4695310879519836
[  0.  50. 100.]
zbins: [0.07393358 1.46953272 4.62308368]
n_zbins: 2
zmin: 1.4695327233961344
zmax: 4.613083681238538
[  0.  50. 100.]
zbins: [0.07382675 1.46977292 4.630928  ]
n_zbins: 2
zmin: 0.08382674510999752
zmax: 1.4697727897604025
[  0.  50. 100.]
zbins: [0.07382675 1.46977292 4.630928  ]
n_zbins: 2
zmin: 1.4697729172337057
zmax: 4.620928003702814
[  0.  50. 100.]
zbins: [0.07554554 1.46974062 4.63376528]
n_zbins: 2
zmin: 0.08554554227603342
zmax: 1.4697400814945438
[  0.  50. 100.]
zbins: [0.07554554 1.46974062 4.63376528]
n_zbins: 2
zmin: 1.4697406220474845
zmax: 4.623765280000598
[  0.  50. 100.]
zbins: [0.0741981  1.46982731 4.63708529]
n_zbins: 2
zmin: 0.08419809658738321
zmax: 1.4698264004954382
[  0.  50. 100.]
zbins: [0.0741981  1.46982731 4.63708529]
n_zbins: 2
zmin: 1.469827309982712
zmax: 4.627085293120796
[  0.  50. 100.]
zbins: [0.07400783 1.46984703 4.62972173]
n_zbins: 2
zmin: 0.0840078342789339
zmax: 1.4698437141027607
[  0.  50. 100.]
zbins: [0.07400783 1.46984703 4.62972173]
n_zbins: 2
zmin: 1.469847025285434
zmax: 4.619721733362948
[  0.  50. 100.]
zbins: [0.07405452 1.46979594 4.62943272]
n_zbins: 2
zmin: 0.08405452274202671
zmax: 1.4697958556058979
[  0.  50. 100.]
zbins: [0.07405452 1.46979594 4.62943272]
n_zbins: 2
zmin: 1.469795941539432
zmax: 4.619432721453537
[  0.  50. 100.]
zbins: [0.07398619 1.46965468 4.63446818]
n_zbins: 2
zmin: 0.08398618504585578
zmax: 1.469653868039341
[  0.  50. 100.]
zbins: [0.07398619 1.46965468 4.63446818]
n_zbins: 2
zmin: 1.4696546750723987
zmax: 4.6244681823164395
[  0.  50. 100.]
zbins: [0.07403654 1.46973362 4.63481762]
n_zbins: 2
zmin: 0.08403653906612317
zmax: 1.4697335940241318
[  0.  50. 100.]
zbins: [0.07403654 1.46973362 4.63481762]
n_zbins: 2
zmin: 1.469733622715909
zmax: 4.624817621965385
[  0.  50. 100.]
zbins: [0.07435196 1.46968006 4.6246746 ]
n_zbins: 2
zmin: 0.08435195835297309
zmax: 1.4696791134407596
[  0.  50. 100.]
zbins: [0.07435196 1.46968006 4.6246746 ]
n_zbins: 2
zmin: 1.4696800640293095
zmax: 4.61467459843439
[  0.  50. 100.]
zbins: [0.07399487 1.4697387  4.62593268]
n_zbins: 2
zmin: 0.08399486621440132
zmax: 1.4697379707119629
[  0.  50. 100.]
zbins: [0.07399487 1.4697387  4.62593268]
n_zbins: 2
zmin: 1.469738704347521
zmax: 4.6159326847078885
[  0.  50. 100.]
zbins: [0.0746878  1.46975871 4.62846831]
n_zbins: 2
zmin: 0.08468779860933662
zmax: 1.4697578598366976
[  0.  50. 100.]
zbins: [0.0746878  1.46975871 4.62846831]
n_zbins: 2
zmin: 1.4697587080354675
zmax: 4.618468309715573
[  0.  50. 100.]
zbins: [0.07411355 1.46971152 4.62660276]
n_zbins: 2
zmin: 0.08411355082961683
zmax: 1.4697113419352297
[  0.  50. 100.]
zbins: [0.07411355 1.46971152 4.62660276]
n_zbins: 2
zmin: 1.4697115241936212
zmax: 4.616602759618123
[  0.  50. 100.]
zbins: [0.0740312  1.46981593 4.63242097]
n_zbins: 2
zmin: 0.08403119601050037
zmax: 1.4698150335177482
[  0.  50. 100.]
zbins: [0.0740312  1.46981593 4.63242097]
n_zbins: 2
zmin: 1.4698159291955726
zmax: 4.622420973950839
[  0.  50. 100.]
zbins: [0.07398828 1.46971826 4.62507271]
n_zbins: 2
zmin: 0.0839882762003007
zmax: 1.4697176936572516
[  0.  50. 100.]
zbins: [0.07398828 1.46971826 4.62507271]
n_zbins: 2
zmin: 1.4697182575059615
zmax: 4.615072709418911
[  0.  50. 100.]
zbins: [0.07430597 1.46976    4.63343957]
n_zbins: 2
zmin: 0.08430596858411882
zmax: 1.469754500830228
[  0.  50. 100.]
zbins: [0.07430597 1.46976    4.63343957]
n_zbins: 2
zmin: 1.4697599974286102
zmax: 4.623439566496158
[  0.  50. 100.]
zbins: [0.07478812 1.46976254 4.6422877 ]
n_zbins: 2
zmin: 0.08478811977908153
zmax: 1.469761480125005
[  0.  50. 100.]
zbins: [0.07478812 1.46976254 4.6422877 ]
n_zbins: 2
zmin: 1.4697625396823548
zmax: 4.632287700207886
[  0.  50. 100.]
zbins: [0.07439321 1.46986449 4.63452574]
n_zbins: 2
zmin: 0.08439320776044223
zmax: 1.4698638049348727
[  0.  50. 100.]
zbins: [0.07439321 1.46986449 4.63452574]
n_zbins: 2
zmin: 1.4698644891900947
zmax: 4.624525736290593
[  0.  50. 100.]
zbins: [0.07383147 1.46970185 4.62497549]
n_zbins: 2
zmin: 0.0838314684353984
zmax: 1.4697003329033382
[  0.  50. 100.]
zbins: [0.07383147 1.46970185 4.62497549]
n_zbins: 2
zmin: 1.4697018531153776
zmax: 4.614975492412585
[  0.  50. 100.]
zbins: [0.07392293 1.46973371 4.62847966]
n_zbins: 2
zmin: 0.08392293241003648
zmax: 1.4697334151039776
[  0.  50. 100.]
zbins: [0.07392293 1.46973371 4.62847966]
n_zbins: 2
zmin: 1.4697337091872031
zmax: 4.618479655990888
[  0.  50. 100.]
zbins: [0.07386847 1.46967956 4.63226742]
n_zbins: 2
zmin: 0.08386847415625046
zmax: 1.4696788089569595
[  0.  50. 100.]
zbins: [0.07386847 1.46967956 4.63226742]
n_zbins: 2
zmin: 1.469679559521554
zmax: 4.622267416158593
[  0.  50. 100.]
zbins: [0.07387563 1.46979745 4.64196847]
n_zbins: 2
zmin: 0.08387562502184384
zmax: 1.4697969757862863
[  0.  50. 100.]
zbins: [0.07387563 1.46979745 4.64196847]
n_zbins: 2
zmin: 1.4697974458510235
zmax: 4.631968473078943
[  0.  50. 100.]
zbins: [0.07382277 1.46984233 4.62380971]
n_zbins: 2
zmin: 0.08382276967911866
zmax: 1.4698419159625926
[  0.  50. 100.]
zbins: [0.07382277 1.46984233 4.62380971]
n_zbins: 2
zmin: 1.4698423324027192
zmax: 4.6138097090565156
[  0.  50. 100.]
zbins: [0.07382536 1.46980636 4.63454473]
n_zbins: 2
zmin: 0.08382535590563557
zmax: 1.4698040326644843
[  0.  50. 100.]
zbins: [0.07382536 1.46980636 4.63454473]
n_zbins: 2
zmin: 1.4698063576097158
zmax: 4.6245447279687575
[  0.  50. 100.]
zbins: [0.0740278  1.46965645 4.63118544]
n_zbins: 2
zmin: 0.08402780316557079
zmax: 1.4696563633619053
[  0.  50. 100.]
zbins: [0.0740278  1.46965645 4.63118544]
n_zbins: 2
zmin: 1.469656446829585
zmax: 4.621185444250852
[  0.  50. 100.]
zbins: [0.07397521 1.46980638 4.63571372]
n_zbins: 2
zmin: 0.08397520579591022
zmax: 1.4698060449641133
[  0.  50. 100.]
zbins: [0.07397521 1.46980638 4.63571372]
n_zbins: 2
zmin: 1.4698063771668097
zmax: 4.6257137163057624
[  0.  50. 100.]
zbins: [0.07401676 1.46972464 4.64278965]
n_zbins: 2
zmin: 0.08401676350285847
zmax: 1.4697244250349826
[  0.  50. 100.]
zbins: [0.07401676 1.46972464 4.64278965]
n_zbins: 2
zmin: 1.4697246359886278
zmax: 4.632789653918577
[  0.  50. 100.]
zbins: [0.07393121 1.46973593 4.6310211 ]
n_zbins: 2
zmin: 0.08393120568167983
zmax: 1.4697347381804144
[  0.  50. 100.]
zbins: [0.07393121 1.46973593 4.6310211 ]
n_zbins: 2
zmin: 1.4697359336662066
zmax: 4.6210211035035815
[  0.  50. 100.]
zbins: [0.07395384 1.46976173 4.64325574]
n_zbins: 2
zmin: 0.08395384228866534
zmax: 1.4697597937332536
[  0.  50. 100.]
zbins: [0.07395384 1.46976173 4.64325574]
n_zbins: 2
zmin: 1.4697617326007797
zmax: 4.633255742179257
[  0.  50. 100.]
zbins: [0.07424906 1.46968874 4.63282601]
n_zbins: 2
zmin: 0.08424905693733381
zmax: 1.46968720060304
[  0.  50. 100.]
zbins: [0.07424906 1.46968874 4.63282601]
n_zbins: 2
zmin: 1.469688744208077
zmax: 4.622826014234797
[  0.  50. 100.]
zbins: [0.07397846 1.46965055 4.62780091]
n_zbins: 2
zmin: 0.08397845876470969
zmax: 1.4696499116993684
[  0.  50. 100.]
zbins: [0.07397846 1.46965055 4.62780091]
n_zbins: 2
zmin: 1.4696505456070503
zmax: 4.617800912837348
[  0.  50. 100.]
zbins: [0.07391262 1.469752   4.64414915]
n_zbins: 2
zmin: 0.08391262073583461
zmax: 1.469749716908687
[  0.  50. 100.]
zbins: [0.07391262 1.469752   4.64414915]
n_zbins: 2
zmin: 1.4697519977986302
zmax: 4.634149146586236
[  0.  50. 100.]
zbins: [0.07380519 1.46982812 4.64103954]
n_zbins: 2
zmin: 0.08380519441737519
zmax: 1.469826512584283
[  0.  50. 100.]
zbins: [0.07380519 1.46982812 4.64103954]
n_zbins: 2
zmin: 1.4698281232078572
zmax: 4.631039535212554
[  0.  50. 100.]
zbins: [0.07407147 1.46972376 4.63977332]
n_zbins: 2
zmin: 0.0840714677477399
zmax: 1.4697230125257297
[  0.  50. 100.]
zbins: [0.07407147 1.46972376 4.63977332]
n_zbins: 2
zmin: 1.4697237575727988
zmax: 4.629773317445489
[  0.  50. 100.]
zbins: [0.07422405 1.46970942 4.64010301]
n_zbins: 2
zmin: 0.08422404944570534
zmax: 1.469709142877411
[  0.  50. 100.]
zbins: [0.07422405 1.46970942 4.64010301]
n_zbins: 2
zmin: 1.4697094228491137
zmax: 4.630103008481682
[  0.  50. 100.]
zbins: [0.07399826 1.46977471 4.63509869]
n_zbins: 2
zmin: 0.08399825957556128
zmax: 1.4697746215705945
[  0.  50. 100.]
zbins: [0.07399826 1.46977471 4.63509869]
n_zbins: 2
zmin: 1.4697747096890041
zmax: 4.625098685189419
[  0.  50. 100.]
zbins: [0.07407148 1.46976162 4.6445002 ]
n_zbins: 2
zmin: 0.0840714804037733
zmax: 1.4697610036096598
[  0.  50. 100.]
zbins: [0.07407148 1.46976162 4.6445002 ]
n_zbins: 2
zmin: 1.4697616239624112
zmax: 4.6345002003369515
[  0.  50. 100.]
zbins: [0.07389217 1.46966617 4.64059408]
n_zbins: 2
zmin: 0.08389217253079179
zmax: 1.4696656784373454
[  0.  50. 100.]
zbins: [0.07389217 1.46966617 4.64059408]
n_zbins: 2
zmin: 1.4696661747323712
zmax: 4.630594075711446
[  0.  50. 100.]
zbins: [0.07406608 1.46984318 4.62334169]
n_zbins: 2
zmin: 0.08406607887091687
zmax: 1.4698430786302215
[  0.  50. 100.]
zbins: [0.07406608 1.46984318 4.62334169]
n_zbins: 2
zmin: 1.4698431785030042
zmax: 4.61334168549905
[  0.  50. 100.]
zbins: [0.07407333 1.46970862 4.63046589]
n_zbins: 2
zmin: 0.08407333284094803
zmax: 1.4697082446518643
[  0.  50. 100.]
zbins: [0.07407333 1.46970862 4.63046589]
n_zbins: 2
zmin: 1.4697086225448501
zmax: 4.620465885013985
[  0.  50. 100.]
zbins: [0.07386812 1.46974039 4.63582062]
n_zbins: 2
zmin: 0.0838681180338181
zmax: 1.4697374182170166
[  0.  50. 100.]
zbins: [0.07386812 1.46974039 4.63582062]
n_zbins: 2
zmin: 1.4697403946149328
zmax: 4.6258206240347945
[  0.  50. 100.]
zbins: [0.07401833 1.46981922 4.63730879]
n_zbins: 2
zmin: 0.08401833276530113
zmax: 1.4698187448588835
[  0.  50. 100.]
zbins: [0.07401833 1.46981922 4.63730879]
n_zbins: 2
zmin: 1.4698192173844464
zmax: 4.62730878589714
[  0.  50. 100.]
zbins: [0.07396204 1.46982175 4.63048309]
n_zbins: 2
zmin: 0.08396203558538134
zmax: 1.4698216983082733
[  0.  50. 100.]
zbins: [0.07396204 1.46982175 4.63048309]
n_zbins: 2
zmin: 1.4698217459809868
zmax: 4.620483092552432
[  0.  50. 100.]
zbins: [0.07399293 1.4697138  4.63816848]
n_zbins: 2
zmin: 0.08399292990157184
zmax: 1.469712483238076
[  0.  50. 100.]
zbins: [0.07399293 1.4697138  4.63816848]
n_zbins: 2
zmin: 1.4697137955857085
zmax: 4.628168480387135
[  0.  50. 100.]
zbins: [0.07427901 1.46973869 4.63672008]
n_zbins: 2
zmin: 0.08427900552522943
zmax: 1.4697361343607356
[  0.  50. 100.]
zbins: [0.07427901 1.46973869 4.63672008]
n_zbins: 2
zmin: 1.4697386944857984
zmax: 4.6267200846372125
[  0.  50. 100.]
zbins: [0.07393526 1.46974708 4.63779331]
n_zbins: 2
zmin: 0.08393525698467355
zmax: 1.4697458182321241
[  0.  50. 100.]
zbins: [0.07393526 1.46974708 4.63779331]
n_zbins: 2
zmin: 1.4697470784841462
zmax: 4.6277933057665805
[  0.  50. 100.]
zbins: [0.07381029 1.46984584 4.63874556]
n_zbins: 2
zmin: 0.08381029032483356
zmax: 1.4698444889032725
[  0.  50. 100.]
zbins: [0.07381029 1.46984584 4.63874556]
n_zbins: 2
zmin: 1.4698458395065461
zmax: 4.628745556986838
[  0.  50. 100.]
zbins: [0.07422145 1.46980385 4.63617422]
n_zbins: 2
zmin: 0.0842214527102956
zmax: 1.4698005656880928
[  0.  50. 100.]
zbins: [0.07422145 1.46980385 4.63617422]
n_zbins: 2
zmin: 1.4698038522424832
zmax: 4.626174221098307
[  0.  50. 100.]
zbins: [0.07410008 1.46978327 4.63062106]
n_zbins: 2
zmin: 0.0841000781547972
zmax: 1.4697800949518391
[  0.  50. 100.]
zbins: [0.07410008 1.46978327 4.63062106]
n_zbins: 2
zmin: 1.469783269015333
zmax: 4.620621064966101
[  0.  50. 100.]
zbins: [0.07384781 1.46977616 4.62514989]
n_zbins: 2
zmin: 0.08384780706282291
zmax: 1.4697756377828934
[  0.  50. 100.]
zbins: [0.07384781 1.46977616 4.62514989]
n_zbins: 2
zmin: 1.4697761632139492
zmax: 4.615149887170756
[  0.  50. 100.]
zbins: [0.07383766 1.46980013 4.63317758]
n_zbins: 2
zmin: 0.0838376645519512
zmax: 1.4697995637277323
[  0.  50. 100.]
zbins: [0.07383766 1.46980013 4.63317758]
n_zbins: 2
zmin: 1.4698001251653179
zmax: 4.623177577482342
[  0.  50. 100.]
zbins: [0.07388852 1.46973592 4.63239452]
n_zbins: 2
zmin: 0.08388852358442211
zmax: 1.46973231215252
[  0.  50. 100.]
zbins: [0.07388852 1.46973592 4.63239452]
n_zbins: 2
zmin: 1.4697359240268735
zmax: 4.622394519551639
[  0.  50. 100.]
zbins: [0.07392555 1.46979314 4.63920883]
n_zbins: 2
zmin: 0.08392555222651986
zmax: 1.4697915934063275
[  0.  50. 100.]
zbins: [0.07392555 1.46979314 4.63920883]
n_zbins: 2
zmin: 1.4697931430415867
zmax: 4.629208830563002
[  0.  50. 100.]
zbins: [0.07401259 1.46974341 4.63527468]
n_zbins: 2
zmin: 0.0840125859339742
zmax: 1.4697425706825746
[  0.  50. 100.]
zbins: [0.07401259 1.46974341 4.63527468]
n_zbins: 2
zmin: 1.4697434108762881
zmax: 4.625274677204439
[  0.  50. 100.]
zbins: [0.07397371 1.46974375 4.63183033]
n_zbins: 2
zmin: 0.08397370531996162
zmax: 1.4697432130045942
[  0.  50. 100.]
zbins: [0.07397371 1.46974375 4.63183033]
n_zbins: 2
zmin: 1.4697437538980807
zmax: 4.62183032998089
[  0.  50. 100.]
zbins: [0.07381537 1.46971011 4.62797011]
n_zbins: 2
zmin: 0.08381536625699593
zmax: 1.4697080986224829
[  0.  50. 100.]
zbins: [0.07381537 1.46971011 4.62797011]
n_zbins: 2
zmin: 1.4697101142156195
zmax: 4.61797010803005
[  0.  50. 100.]
zbins: [0.0740798  1.46977639 4.63653265]
n_zbins: 2
zmin: 0.08407979753400219
zmax: 1.469773614267782
[  0.  50. 100.]
zbins: [0.0740798  1.46977639 4.63653265]
n_zbins: 2
zmin: 1.4697763866723224
zmax: 4.626532654875457
[  0.  50. 100.]
zbins: [0.07396844 1.46978902 4.62844986]
n_zbins: 2
zmin: 0.08396844068486575
zmax: 1.4697887136111536
[  0.  50. 100.]
zbins: [0.07396844 1.46978902 4.62844986]
n_zbins: 2
zmin: 1.4697890180853432
zmax: 4.6184498640584195
[  0.  50. 100.]
zbins: [0.0738152  1.46974362 4.63437898]
n_zbins: 2
zmin: 0.0838152007426805
zmax: 1.469742485809906
[  0.  50. 100.]
zbins: [0.0738152  1.46974362 4.63437898]
n_zbins: 2
zmin: 1.4697436208685917
zmax: 4.624378984119443
[  0.  50. 100.]
zbins: [0.07393946 1.46969486 4.62721057]
n_zbins: 2
zmin: 0.08393946020746944
zmax: 1.4696947063263541
[  0.  50. 100.]
zbins: [0.07393946 1.46969486 4.62721057]
n_zbins: 2
zmin: 1.4696948625853392
zmax: 4.617210573929271
[  0.  50. 100.]
zbins: [0.07403924 1.46971737 4.62735353]
n_zbins: 2
zmin: 0.08403923941134345
zmax: 1.4697170284973062
[  0.  50. 100.]
zbins: [0.07403924 1.46971737 4.62735353]
n_zbins: 2
zmin: 1.4697173662181664
zmax: 4.617353530133191
[  0.  50. 100.]
zbins: [0.073894   1.4697621  4.64509783]
n_zbins: 2
zmin: 0.08389399993058547
zmax: 1.469756853212406
[  0.  50. 100.]
zbins: [0.073894   1.4697621  4.64509783]
n_zbins: 2
zmin: 1.4697621041424909
zmax: 4.635097825824079
[  0.  50. 100.]
zbins: [0.07391126 1.46968046 4.63023426]
n_zbins: 2
zmin: 0.08391125810531061
zmax: 1.4696777545410098
[  0.  50. 100.]
zbins: [0.07391126 1.46968046 4.63023426]
n_zbins: 2
zmin: 1.4696804591861325
zmax: 4.620234258792579
[  0.  50. 100.]
zbins: [0.07386211 1.46975871 4.64417002]
n_zbins: 2
zmin: 0.08386211173569809
zmax: 1.4697576133092438
[  0.  50. 100.]
zbins: [0.07386211 1.46975871 4.64417002]
n_zbins: 2
zmin: 1.469758711848912
zmax: 4.6341700169591915
[  0.  50. 100.]
zbins: [0.07389652 1.46985072 4.62280184]
n_zbins: 2
zmin: 0.08389651508565349
zmax: 1.469850670877971
[  0.  50. 100.]
zbins: [0.07389652 1.46985072 4.62280184]
n_zbins: 2
zmin: 1.4698507233611826
zmax: 4.612801839498362
[  0.  50. 100.]
zbins: [0.07477376 1.46967985 4.64525124]
n_zbins: 2
zmin: 0.08477375595523459
zmax: 1.4696797610811856
[  0.  50. 100.]
zbins: [0.07477376 1.46967985 4.64525124]
n_zbins: 2
zmin: 1.469679851190686
zmax: 4.635251243610604
[  0.  50. 100.]
zbins: [0.07382922 1.46977417 4.63519379]
n_zbins: 2
zmin: 0.08382921764224338
zmax: 1.4697736416124443
[  0.  50. 100.]
zbins: [0.07382922 1.46977417 4.63519379]
n_zbins: 2
zmin: 1.469774171352797
zmax: 4.625193788290186
[  0.  50. 100.]
zbins: [0.07381028 1.46960494 4.631723  ]
n_zbins: 2
zmin: 0.08381027972102062
zmax: 1.469603920916495
[  0.  50. 100.]
zbins: [0.07381028 1.46960494 4.631723  ]
n_zbins: 2
zmin: 1.4696049365052122
zmax: 4.621723004000529
[  0.  50. 100.]
zbins: [0.07414804 1.46976314 4.62290214]
n_zbins: 2
zmin: 0.08414804104473798
zmax: 1.4697618941052875
[  0.  50. 100.]
zbins: [0.07414804 1.46976314 4.62290214]
n_zbins: 2
zmin: 1.4697631447621244
zmax: 4.612902136947992
[  0.  50. 100.]
zbins: [0.07387147 1.46973587 4.63799654]
n_zbins: 2
zmin: 0.08387147251092872
zmax: 1.4697357767804649
[  0.  50. 100.]
zbins: [0.07387147 1.46973587 4.63799654]
n_zbins: 2
zmin: 1.4697358658267623
zmax: 4.627996542937574
[  0.  50. 100.]
zbins: [0.07451515 1.46977462 4.63574153]
n_zbins: 2
zmin: 0.0845151496619026
zmax: 1.4697745360718286
[  0.  50. 100.]
zbins: [0.07451515 1.46977462 4.63574153]
n_zbins: 2
zmin: 1.4697746158439018
zmax: 4.625741527553811
[  0.  50. 100.]
zbins: [0.07387156 1.46982451 4.62925089]
n_zbins: 2
zmin: 0.08387156475893193
zmax: 1.4698213777778648
[  0.  50. 100.]
zbins: [0.07387156 1.46982451 4.62925089]
n_zbins: 2
zmin: 1.4698245146878546
zmax: 4.619250887670916
